{
  "display": {
    "icon": {
      "item": "biomesoplenty:terrestrial_artifact"
    },
    "title": {
      "translate": "advancements.biomesoplenty.terrestrial_artifact.title"
    },
    "description": {
      "translate": "advancements.biomesoplenty.terrestrial_artifact.description"
    },
    "frame": "goal"
  },
  "parent": "biomesoplenty:biomesoplenty/root",
  "criteria": {
    "ruby": {
      "trigger": "minecraft:inventory_changed",
      "conditions": {
        "items": [
          {
            "item": "biomesoplenty:gem",
            "data": 1
          }
        ]
      }
    },
    "topaz": {
      "trigger": "minecraft:inventory_changed",
      "conditions": {
        "items": [
          {
            "item": "biomesoplenty:gem",
            "data": 3
          }
        ]
      }
    },
    "amber": {
      "trigger": "minecraft:inventory_changed",
      "conditions": {
        "items": [
          {
            "item": "biomesoplenty:gem",
            "data": 7
          }
        ]
      }
    },
    "peridot": {
      "trigger": "minecraft:inventory_changed",
      "conditions": {
        "items": [
          {
            "item": "biomesoplenty:gem",
            "data": 2
          }
        ]
      }
    },
    "emerald": {
      "trigger": "minecraft:inventory_changed",
      "conditions": {
        "items": [
          {
            "item": "minecraft:emerald"
          }
        ]
      }
    },
    "malachite": {
      "trigger": "minecraft:inventory_changed",
      "conditions": {
        "items": [
          {
            "item": "biomesoplenty:gem",
            "data": 5
          }
        ]
      }
    },
    "sapphire": {
      "trigger": "minecraft:inventory_changed",
      "conditions": {
        "items": [
          {
            "item": "biomesoplenty:gem",
            "data": 6
          }
        ]
      }
    },
    "tanzanite": {
      "trigger": "minecraft:inventory_changed",
      "conditions": {
        "items": [
          {
            "item": "biomesoplenty:gem",
            "data": 4
          }
        ]
      }
    }
  }
}