{
	"dependencies": "thermalfoundation",
	"populate": {
		"copper": {
			"distribution": "uniform",
			"generator": {
				"block": "thermalfoundation:ore",
				"material": "minecraft:stone",
				"cluster-size": 9
			},
			"cluster-count": 7,
			"min-height": 40,
			"max-height": 55,
			"retrogen": "false",
			"dimension": {
				"restriction": "blacklist",
				"value": [-1,1,106,111,112,119,123]
			}
		},
		"tin": {
			"distribution": "uniform",
			"generator": {
				"block": {
					"name": "thermalfoundation:ore",
					"metadata": 1
				},
				"material": "minecraft:stone",
				"cluster-size": 8
			},
			"cluster-count": 7,
			"min-height": 30,
			"max-height": 50,
			"retrogen": "false",
			"dimension": {
				"restriction": "blacklist",
				"value": [-1,1,101,111,112,119,123]
			}
		},
		"aluminum": {
			"distribution": "uniform",
			"generator": {
				"block": {
					"name": "thermalfoundation:ore",
					"metadata": 4
				},
				"material": "minecraft:stone",
				"cluster-size": 5
			},
			"cluster-count": 20,
			"min-height": 40,
			"max-height": 65,
			"retrogen": "false",
			"dimension": {
				"restriction": "blacklist",
				"value": [-1,1,101,111,112,119,123]
			}
		},
		"lead": {
			"distribution": "uniform",
			"generator": {
				"block": {
					"name": "thermalfoundation:ore",
					"metadata": 3
				},
				"material": "minecraft:stone",
				"cluster-size": 8
			},
			"cluster-count": 4,
			"min-height": 15,
			"max-height": 35,
			"retrogen": "false",
			"biomeRestriction": "none",
			"dimension": {
				"restriction": "blacklist",
				"value": [-1,1,108,111,112,119,123]
			}
		},
		"nickel": {
			"distribution": "uniform",
			"generator": {
				"block": [
					{
						"name": "thermalfoundation:ore",
						"metadata": 5,
						"weight": 65
					},
					{
						"name": "minecraft:iron_ore",
						"weight": 35
					}
				],
				"material": "minecraft:stone",
				"cluster-size": 9
			},
			"cluster-count": 3,
			"min-height": 15,
			"max-height": 36,
			"retrogen": "false",
			"dimension": {
				"restriction": "blacklist",
				"value": [-1,1,109,111,112,119,123]
			}
		},
		"platinum": {
			"distribution": "uniform",
			"generator": {
				"block": {
					"name": "thermalfoundation:ore",
					"metadata": 6
				},
				"material": "minecraft:stone",
				"cluster-size": 1
			},
			"cluster-count": 1,
			"min-height": 3,
			"max-height": 8,
			"retrogen": "false",
			"dimension": {
				"restriction": "blacklist",
				"value": [-1,1,103,111,112,123]
			}
		},
		"copper_ocean": {
			"distribution": "uniform",
			"generator": {
				"block": "thermalfoundation:ore",
				"material": "minecraft:stone",
				"cluster-size": 15
			},
			"cluster-count": 15,
			"min-height": 20,
			"max-height": 55,
			"retrogen": "false",
			"biome": {
				"restriction": "whitelist",
				"value": [
					{
						"type": "dictionary",
						"entry": "OCEAN"
					}
				]
			},
			"dimension": {
				"restriction": "blacklist",
				"value": [-1,1,106,111,112,119,123]
			}
		},
		"copper_high": {
			"distribution": "uniform",
			"generator": {
				"block": "thermalfoundation:ore",
				"material": "minecraft:stone",
				"cluster-size": 10
			},
			"cluster-count": 4,
			"min-height": 48,
			"max-height": 96,
			"retrogen": "false",
			"dimension": {
				"restriction": "blacklist",
				"value": [-1,1,106,111,112,119,123]
			}
		}
	}
}
