{
  "populate": {
    
    "lake_darksteel_deepdark": {
      "distribution": "uniform",
      "generator": {
        "type": "lake",
        "block": "enderio:block_fluid_dark_steel",
        "outline-block": {"name":"extrautils2:decorativebedrock","metadata": 2},
        "use-material": true,
				"material": [
          "stone",
          "sand",
          "sandstone",
          "dirt",
          "gravel",
          "cobblestone"
        ]
      },
      "cluster-count": 3,
      "min-height": 10,
      "max-height": 70,
      "follow-terrain": false,
      "dimension": {"restriction": "whitelist","value": [-11325]}
    },

		"deepdark_curium_246_stalactite": {
			"distribution": "cave",
			"generator": {
        "type": "structure",
        "structure": "curium_246_stalactite.nbt",
        "material": "extrautils2:decorativebedrock"
			},
			"cluster-count": 1,
			"chunk-chance": 1,
      "ceiling": true,
			"ground-level": 20,
			"dimension": {"restriction": "whitelist","value": [-11325]}
		},

		"deepdark_syngas": {
      "enabled": false,
			"distribution": "uniform",
			"generator": {
        "block": "advgenerators:syngas",
        "material": "minecraft:lava",
				"cluster-size": 1
			},
			"cluster-count": 10,
			"chunk-chance": 1,
      "min-height": 2,
      "max-height": 10,
			"dimension": {"restriction": "whitelist","value": [-11325]}
		}
  }
}