{
	"dependencies": "actuallyadditions",
	"populate": {
		"blackquartz": {
			"distribution": "uniform",
			"generator": {
				"block": {
					"name": "actuallyadditions:block_misc",
					"metadata": 3
				},
				"material": "minecraft:stone",
				"cluster-size": 3
			},
			"cluster-count": 6,
			"min-height": 18,
			"max-height": 55,
			"dimension": {
				"restriction": "blacklist",
				"value": [-1,1,103,111,112,123]
			}
		},
		
		"blackquartz_deepdark": {
			"distribution": "uniform",
			"generator": {
				"block": {
					"name": "actuallyadditions:block_misc",
					"metadata": 3
				},
				"material": "minecraft:stone",
				"cluster-size": 6
			},
			"cluster-count": 30,
			"min-height": 18,
			"max-height": 55,
			"dimension": {
				"restriction": "whitelist",
				"value": [-11325]
			}
		}
	}
}