{
  "dependencies": "advancedrocketry",
  "populate": {

    "mars_giant_holes": {
      "distribution": "uniform",
      "generator": {
        "type": "sequential",
        "generators": [
          { "type": "plate", "block": "advancedrocketry:hotturf", "radius": 10, "height": 144, "material": ["advancedrocketry:hotturf", "stone"] },
          { "type": "plate", "block": "air", "radius": 7, "height": 144, "material": ["advancedrocketry:hotturf", "stone", "lava", "water", "clay", "quark:elder_prismarine", "contenttweaker:compressed_crushed_granite", "end_stone", "redstone_ore", "thermalfoundation:ore_fluid", "actuallyadditions:block_misc", "draconicevolution:draconium_ore", "nuclearcraft:ore", "thaumcraft:ore_cinnabar", "exnihilocreatio:block_endstone_crushed", "libvulpes:ore0", "nuclearcraft:fluid_sulfur", "nuclearcraft:fluid_sodium"] }
        ]
      },
      "chunk-chance": 30,
      "cluster-count": { "min": 1, "max": 4 },
      "min-height": 146,
      "max-height": 146,
      "dimension": { "restriction": "whitelist", "value": [103] }
    },

    "mars_hollow_spaces_on_walls": {
      "enabled": false,
      "distribution": "uniform",
      "generator": {
        "type": "boulder",
        "block": "air",
        "diameter": 3,
        "size-variance": 5,
        "count-variance": 0,
        "count": 1,
        "material": "advancedrocketry:hotturf"
      },
      "cluster-count": 32,
      "min-height": 10,
      "max-height": 200,
      "dimension": { "restriction": "whitelist", "value": [103] }
    },

    "mars_crushed_endstone_gravel": {
      "distribution": "uniform",
      "generator": {
        "block": "exnihilocreatio:block_endstone_crushed",
        "cluster-size": 30,
        "material": ["stone", "quark:elder_prismarine", "contenttweaker:compressed_crushed_granite"]
      },
      "cluster-count": 32,
      "min-height": 0,
      "max-height": 224,
      "dimension": { "restriction": "whitelist", "value": [103] }
    },

    "mars_ore_in_holes": {
      "distribution": "uniform",
      "generator": {
        "type": "consecutive",
        "generators": [
          { "block": "end_stone", "cluster-size": 63, "material": "advancedrocketry:hotturf" },
          { "block": "redstone_ore", "cluster-size": 35, "material": "advancedrocketry:hotturf" },
          { "block": { "name": "thermalfoundation:ore_fluid", "metadata": 2 }, "cluster-size": 21, "material": "advancedrocketry:hotturf" },
          { "block": { "name": "actuallyadditions:block_misc", "metadata": 3 }, "cluster-size": 11, "material": "advancedrocketry:hotturf" },
          { "block": { "name": "draconicevolution:draconium_ore", "metadata": 2 }, "cluster-size": 42, "material": "advancedrocketry:hotturf" },
          { "block": [{ "name": "nuclearcraft:ore", "metadata": 3 }, { "name": "nuclearcraft:ore", "metadata": 5 }, { "name": "nuclearcraft:ore", "metadata": 6 }, { "name": "nuclearcraft:ore", "metadata": 7 }], "cluster-size": 28, "material": "advancedrocketry:hotturf" },
          { "block": "thaumcraft:ore_cinnabar", "cluster-size": 7, "material": "advancedrocketry:hotturf" },
          { "block": "libvulpes:ore0", "cluster-size": 14, "material": "advancedrocketry:hotturf" }
        ]
      },
      "cluster-count": 250,
      "min-height": 10,
      "max-height": 191,
      "dimension": { "restriction": "whitelist", "value": [103] }
    }
  }
}
