{
  "dependencies": "advancedrocketry",
  "populate": {

    "europa_kelp": {
      "enabled": false,
      "distribution": "underwater",
      "generator": {
        "type": "spout",
        "block": "biomesoplenty:seaweed",
        "radius": 0,
        "height": { "min": 1, "max": 20 },
        "material": "water"
      },
      "cluster-count": 60,
      "dimension": { "restriction": "whitelist", "value": [106] }
    },

    "europa_glow_coral": {
      "enabled": false,
      "distribution": "underwater",
      "generator": {
        "type": "spout",
        "block": { "name": "biomesoplenty:coral", "metadata": 3 },
        "radius": 0,
        "height": 2,
        "material": "water"
      },
      "chunk-chance": 6,
      "cluster-count": 20,
      "dimension": { "restriction": "whitelist", "value": [106] }
    },

    "europa_clathrate_glowstone": {
      "distribution": "uniform",
      "generator": {
        "block": {
          "name": "thermalfoundation:ore_fluid",
          "metadata": 3
        },
        "cluster-size": 2,
        "material": ["stone", "gravel", "dirt"]
      },
      "cluster-count": 40,
      "min-height": 5,
      "max-height": 25,
      "dimension": {
        "restriction": "whitelist",
        "value": [
          106
        ]
      }
    }

  }
}
