{
  "dependencies": "advancedrocketry",
  "populate": {

		"neptune_geodes": {
			"distribution": "uniform",
			"generator": {
				"type": "geode",
				"block": "nuclearcraft:fluid_cryotheum_nak_hot",
				"crust": {"name": "twilightforest:aurora_block"},
				"material": ["ice", "packed_ice", "biomesoplenty:hard_ice"]
			},
			"cluster-count": 1,
			"chunk-chance": 20,
			"min-height": 60,
			"max-height": 100,
			"dimension": {"restriction": "whitelist","value": [110]}
		},
		
		"neptune_lapis": {
			"distribution": "gaussian",
			"generator": {
				"block": "lapis_ore",
				"material": "minecraft:stone",
				"cluster-size": 20
			},
			"cluster-count": 10,
			"center-height": 20,
			"spread": 18,
			"dimension": {"restriction": "whitelist","value": [110]}
		}
		
  }
}


