{
  "dependencies": [
    "rats",
    "contenttweaker"
  ],
  "populate": {
    
    "milk_lake": {
      "distribution": "uniform",
      "generator": {
        "type": "lake",
        "block": "contenttweaker:cheese_molten",
        "outline-block": "rats:block_of_cheese",
        "use-material": true,
				"material": [
          "grass",
          "stone",
          "sand",
          "sandstone",
          "dirt",
          "leaves",
          "log",
          "tallgrass"
        ]
      },
      "cluster-count": 3,
      "min-height": 20,
      "max-height": 100,
      "follow-terrain": true,
      "dimension": {"restriction": "whitelist","value": [-8]}
    },

		"ratlantis_ratglowes": {
			"distribution": "surface",
			"generator": {
				"type": "decoration",
				"block": "rats:ratglove_flower",
				"cluster-size": 3
			},
			"cluster-count": 50,
      "dimension": {"restriction": "whitelist","value": [-8]}
		},

		"ratlantis_blue_quartz": {
			"distribution": "uniform",
			"generator": {
        "material": ["rats:marbled_cheese", "rats:marbled_cheese_brick", "rats:marbled_cheese_brick_chiseled", "rats:marbled_cheese_brick_cracked", "rats:marbled_cheese_brick_mossy", "rats:marbled_cheese_chiseled", "rats:marbled_cheese_pillar", "rats:marbled_cheese_raw", "rats:marbled_cheese_tile"],
				"block": {
          "name": "extrautils2:decorativesolid",
          "properties": {
            "decorstates": "blue_quartz"
          }
        },
				"cluster-size": 1
			},
			"cluster-count": 40,
			"chunk-chance": 1,
			"min-height": 45,
			"max-height": 100,
			"dimension": {"restriction": "whitelist","value": [-8]}
		},

		"ratlantis_uu_metal_ore": {
			"distribution": "cave",
			"generator": {
        "type": "structure",
        "structure": "uu_metal_ore.nbt",
        "rotation": "NONE"
			},
			"cluster-count": 4,
			"chunk-chance": 1,
      "ceiling": true,
			"ground-level": 20,
			"dimension": {"restriction": "whitelist","value": [-8]}
		},

		"ratlantis_rat_statue": {
			"distribution": "surface",
			"generator": {
        "type": "structure",
        "structure": "rat_statue.nbt",
        "material": "grass"
			},
			"cluster-count": 1,
			"chunk-chance": 20,
			"dimension": {"restriction": "whitelist","value": [-8]}
		}
  }
}