{
	"populate": {
		
		"proxima_huge_hollow_spheres": {
			"distribution": "uniform",
      "chunk-chance": 20,
			"cluster-count": 1,
			"min-height": 20,
			"max-height": 50,
			"dimension": {"restriction": "whitelist","value": [111]},
			"generator": {
				"type": "sequential",
				"generators": [
					{
						"type": "boulder",
						"count": 1,
						"block": "air",
						"diameter": 8,
						"size-variance": 5,
						"material": "iceandfire:frozen_stone"
					},{
						"type": "plate",
						"block": {"name":"quark:crystal", "metadata": 6},
						"radius": 2,
						"height":13,
						"material": "air"
					},{
						"type": "boulder",
						"count": 1,
						"block": {"name":"quark:crystal", "metadata": 6},
						"diameter": 7,
						"size-variance": 3,
						"material": "air"
					},{
						"type": "boulder",
						"count": 1,
						"block": {"name":"quark:crystal", "metadata": 5},
						"diameter": 3,
						"size-variance": 2,
						"material": {"name":"quark:crystal", "metadata": 6}
					},{
						"block": {"name":"extendedcrafting:storage", "metadata": 2},
						"cluster-size": 2,
						"material": {"name":"quark:crystal", "metadata": 5}
					}
				]
			}
		},

		"proxima_huge_stone_clusters_with_ores": {
			"cluster-count": 30,
			"min-height": 5,
			"max-height": 90,
			"dimension": {"restriction": "whitelist","value": [111]},
			"distribution": "uniform",
			"generator": {
				"type": "consecutive",
				"generators": [
					{"type": "sequential","generators": [{"block": "minecraft:stone","material": "iceandfire:frozen_stone","cluster-size": 80},
							{"block": "appliedenergistics2:quartz_ore","cluster-size": 40,"type": "large-vein"},
							{"block": "appliedenergistics2:charged_quartz_ore","cluster-size": 40,"type": "large-vein"},
							{"block": "rftools:dimensional_shard_ore","cluster-size": 10,"type": "large-vein"}
						]},
					{"type": "sequential","generators": [{"block": "minecraft:stone","material": "iceandfire:frozen_stone","cluster-size": 30},
							{"block": {"name":"biomesoplenty:gem_ore", "metadata": 6},"cluster-size": 10,"type": "large-vein"},
							{"block": "libvulpes:ore0","cluster-size": 20,"type": "large-vein"},
							{"block": "mysticalagriculture:prosperity_ore","cluster-size": 10,"type": "large-vein"},
							{"block": "minecraft:emerald_ore","cluster-size": 10,"type": "large-vein"}
						]},
					{"type": "sequential","generators": [{"block": "minecraft:stone","material": "iceandfire:frozen_stone","cluster-size": 30},
							{"block": "astralsorcery:blockcustomore","cluster-size": 2,"type": "large-vein"},
							{"block": "minecraft:diamond_ore","cluster-size": 20,"type": "large-vein"}
						]}
				]
			}
		},
		
		"proxima_more_marble": {
			"distribution": "uniform",
			"generator": {
				"block": {
					"name": "chisel:marble2",
					"metadata": 7
				},
				"material": "iceandfire:frozen_stone",
				"cluster-size": 48
			},
			"cluster-count": 7,
			"min-height": 15,
			"max-height": 80,
			"dimension": {"restriction": "whitelist","value": [111]}
		},
		
		"proxima_ice_frozen_dirt":        {"distribution": "uniform","generator": {"block":"iceandfire:frozen_dirt"       ,"material": "iceandfire:frozen_stone","cluster-size": 38},
		"cluster-count": 9, "min-height": 4, "max-height": 80, "dimension": {"restriction": "whitelist","value": [111]}},
		
		"proxima_ice_frozen_cobblestone": {"distribution": "uniform","generator": {"block":"iceandfire:frozen_cobblestone","material": "iceandfire:frozen_stone","cluster-size": 58},
		"cluster-count": 9, "min-height": 60, "max-height": 80, "dimension": {"restriction": "whitelist","value": [111]}},
		
		"proxima_ice_frozen_gravel":      {"distribution": "uniform","generator": {"block":"iceandfire:frozen_gravel"     ,"material": "iceandfire:frozen_stone","cluster-size": 28},
			"cluster-count": 9, "min-height": 30, "max-height": 70, "dimension": {"restriction": "whitelist","value": [111]}},

		"proxima_huge_ice_spheres": {
			"distribution": "gaussian",
			"generator": {
				"block": "packed_ice",
				"cluster-size": 300,
				"material": "iceandfire:frozen_stone"
			},
      "cluster-count": 20,
			"center-height": 5,
			"spread": 70,
			"dimension": {"restriction": "whitelist","value": [111]}
		},

		"proxima_big_ice_clusters": {
			"distribution": "uniform",
			"generator": {
				"block": "ice",
				"cluster-size": 200,
				"material": "iceandfire:frozen_stone"
			},
      "cluster-count": 8,
			"min-height": 0,
			"max-height": 70,
			"dimension": {"restriction": "whitelist","value": [111]}
		},

		"stalactite_0": {
			"distribution": "cave",
			"ceiling": true, "ground-level": 80, "cluster-count": 50, "chunk-chance": 10, "dimension": {"restriction": "whitelist","value": [111]},
			"generator": { "type": "stalactite", "gen-size": 1, "min-height": 1, "height-variance": 1,"material": "iceandfire:frozen_stone",
				"block": {"name": "actuallyadditions:block_crystal_cluster_diamond", "properties": {"facing":"down"}}
			}
		},
		"stalactite_1": {
			"distribution": "cave",
			"ceiling": true, "ground-level": 80, "cluster-count": 50, "chunk-chance": 10, "dimension": {"restriction": "whitelist","value": [111]},
			"generator": { "type": "stalactite", "gen-size": 1, "min-height": 1, "height-variance": 1,"material": "iceandfire:frozen_stone",
				"block": {"name": "actuallyadditions:block_crystal_cluster_lapis", "properties": {"facing":"down"}}
			}
		},
		"stalactite_2": {
			"distribution": "cave",
			"ceiling": true, "ground-level": 80, "cluster-count": 50, "chunk-chance": 10, "dimension": {"restriction": "whitelist","value": [111]},
			"generator": { "type": "stalactite", "gen-size": 1, "min-height": 1, "height-variance": 1,"material": "iceandfire:frozen_stone",
				"block": {"name": "actuallyadditions:block_crystal_cluster_emerald", "properties": {"facing":"down"}}
			}
		},
		"stalactite_3": {
			"distribution": "cave",
			"ceiling": true, "ground-level": 80, "cluster-count": 50, "chunk-chance": 10, "dimension": {"restriction": "whitelist","value": [111]},
			"generator": { "type": "stalactite", "gen-size": 1, "min-height": 1, "height-variance": 1,"material": "iceandfire:frozen_stone",
				"block": {"name": "actuallyadditions:block_crystal_cluster_redstone", "properties": {"facing":"down"}}
			}
		},
		"stalactite_4": {
			"distribution": "cave",
			"ceiling": true, "ground-level": 80, "cluster-count": 50, "chunk-chance": 10, "dimension": {"restriction": "whitelist","value": [111]},
			"generator": { "type": "stalactite", "gen-size": 1, "min-height": 1, "height-variance": 1,"material": "iceandfire:frozen_stone",
				"block": {"name": "actuallyadditions:block_crystal_cluster_iron", "properties": {"facing":"down"}}
			}
		},
		"stalactite_5": {
			"distribution": "cave",
			"ceiling": true, "ground-level": 80, "cluster-count": 50, "chunk-chance": 10, "dimension": {"restriction": "whitelist","value": [111]},
			"generator": { "type": "stalactite", "gen-size": 1, "min-height": 1, "height-variance": 1,"material": "iceandfire:frozen_stone",
				"block": {"name": "actuallyadditions:block_crystal_cluster_coal", "properties": {"facing":"down"}}
			}
		},


		"stalactite_0_crystal": {
			"distribution": "cave",
			"ceiling": true, "ground-level": 140, "cluster-count": 20, "dimension": {"restriction": "whitelist","value": [111]},
			"generator": { "type": "stalactite", "gen-size": 1, "min-height": 1, "height-variance": 1,
				"block": {"name": "actuallyadditions:block_crystal_cluster_diamond", "properties": {"facing":"down"}},
				"material": {"name": "advancedrocketry:crystal", "metadata":0}
			}
		},
		"stalactite_1_crystal": {
			"distribution": "cave",
			"ceiling": true, "ground-level": 140, "cluster-count": 20, "dimension": {"restriction": "whitelist","value": [111]},
			"generator": { "type": "stalactite", "gen-size": 1, "min-height": 1, "height-variance": 1,
				"block": {"name": "actuallyadditions:block_crystal_cluster_lapis", "properties": {"facing":"down"}},
				"material": {"name": "advancedrocketry:crystal", "metadata":1}
			}
		},
		"stalactite_2_crystal": {
			"distribution": "cave",
			"ceiling": true, "ground-level": 140, "cluster-count": 20, "dimension": {"restriction": "whitelist","value": [111]},
			"generator": { "type": "stalactite", "gen-size": 1, "min-height": 1, "height-variance": 1,
				"block": {"name": "actuallyadditions:block_crystal_cluster_emerald", "properties": {"facing":"down"}},
				"material": {"name": "advancedrocketry:crystal", "metadata":2}
			}
		},
		"stalactite_3_crystal": {
			"distribution": "cave",
			"ceiling": true, "ground-level": 140, "cluster-count": 20, "dimension": {"restriction": "whitelist","value": [111]},
			"generator": { "type": "stalactite", "gen-size": 1, "min-height": 1, "height-variance": 1,
				"block": {"name": "actuallyadditions:block_crystal_cluster_redstone", "properties": {"facing":"down"}},
				"material": {"name": "advancedrocketry:crystal", "metadata":3}
			}
		},
		"stalactite_4_crystal": {
			"distribution": "cave",
			"ceiling": true, "ground-level": 140, "cluster-count": 20, "dimension": {"restriction": "whitelist","value": [111]},
			"generator": { "type": "stalactite", "gen-size": 1, "min-height": 1, "height-variance": 1,
				"block": {"name": "actuallyadditions:block_crystal_cluster_iron", "properties": {"facing":"down"}},
				"material": {"name": "advancedrocketry:crystal", "metadata":4}
			}
		},
		"stalactite_5_crystal": {
			"distribution": "cave",
			"ceiling": true, "ground-level": 140, "cluster-count": 20, "dimension": {"restriction": "whitelist","value": [111]},
			"generator": { "type": "stalactite", "gen-size": 1, "min-height": 1, "height-variance": 1,
				"block": {"name": "actuallyadditions:block_crystal_cluster_coal", "properties": {"facing":"down"}},
				"material": {"name": "advancedrocketry:crystal", "metadata":5}
			}
		},

		"soopercooled_ice": {
			"distribution": "surface",
			"generator": {
				"type": "sequential",
				"generators": [
					{
						"type": "spike",
						"block": "packed_ice",
						"material": "snow_layer",
						"size-variance": 8
					}, {
						"type": "stalagmite",
						"block": "nuclearcraft:supercold_ice",
						"material": "packed_ice",
						"gen-body": ["snow_layer", "air"],
						"min-height": 10,
						"height-variance": 42,
						"size-variance": 1
					}
				]
			},
      "chunk-chance": 20,
			"cluster-count": 2,
			"dimension": {"restriction": "whitelist","value": [111]}
		},

		"boulders_with_crystal_inside": {
			"distribution": "surface",
			"generator": {
				"type": "sequential",
				"generators": [
					{
						"type": "boulder",
						"block": "packed_ice",
						"diameter": 1,
						"size-variance": 3,
						"count-variance": 3,
						"material": "snow_layer"
					},{
						"type": "sparse-cluster",
						"block": {"name":"avaritia:block_resource", "metadata": 2},
						"cluster-size": 2,
						"material": "packed_ice"
					}
				]
			},
      "chunk-chance": 20,
			"cluster-count": 1,
			"dimension": {"restriction": "whitelist","value": [111]}
		}

	}
}