{
	"populate": {
		
		"kelt6a_tree_trunk": {
			"enabled": false,
			"distribution": "surface",
			"generator": {
				"type": "spout",
				"block": "advancedrocketry:alienwood",
				"material": ["air", "tallgrass", "grass"],
				"radius": {"min":0, "max": 8, "value":{"operation":"DIVIDE", "value-a":60, "value-b": {"operation":"SUBTRACT", "value-a":{"min":51,"max": 250,"value":{"world-data":"CURRENT_Y"}}, "value-b":50}}},
				"height": {"min":20, "max": 70, "value":{"operation":"ADD", "value-a":{"variance":25}, "value-b": 45}}
			},
      "chunk-chance": 8,
			"cluster-count": {"min":1, "max": 3},
			"biome": {"restriction": "whitelist","value": [{"type": "id","entry": ["advancedrocketry:alien_forest"]}]}
		},
		
		"kelt6a_tree_leaves": {
			"enabled": false,
			"distribution": "gaussian",
			"generator": {
				"type": "boulder",
				"diameter": 1,
				"size-variance":5,
				"block": {"name":"advancedrocketry:alienleaves", "properties":{"check_decay":"false", "decayable": "false"}},
				"material": "advancedrocketry:alienwood"
			},
			"cluster-count": 300,
			"center-height": 110,
			"spread": 30,
			"min-height": 85,
			"max-height": 120,
			"biome": {"restriction": "whitelist","value": [{"type": "id","entry": ["advancedrocketry:alien_forest"]}]}
		},
		
		"kelt6a_fruits": {
			"distribution": "gaussian",
			"generator": {
				"type": "sparse-cluster",
				"cluster-size":6,
				"block": {"name":"mysticalagriculture:storage", "metadata":3},
				"material": "advancedrocketry:alienleaves"
			},
			"cluster-count": 40,
			"center-height": 120,
			"spread": 30,
			"biome": {"restriction": "whitelist","value": [{"type": "id","entry": ["advancedrocketry:alien_forest"]}]}
		},
		
		"kelt6a_poison_lakes": {
			"distribution": "surface",
			"generator": {
				"type": "lake",
				"block": "biomesoplenty:poison",
				"material": ["dirt","tallgrass", "grass"],
				"use-material": false,
				"solid-outline": true,
				"outline-block": [
					"grass"
				]
			},
			"cluster-count": 1,
			"chunk-chance": 2,
			"follow-terrain": false,
			"biome": {"restriction": "whitelist","value": [{"type": "id","entry": ["advancedrocketry:alien_forest"]}]}
		},

		"kelt6a_glow_shroom": {
			"distribution": "surface",
			"generator": {
				"type": "decoration",
				"block": "quark:glowshroom",
				"surface": "grass",
				"cluster-size": 3
			},
			"cluster-count": 100,
			"biome": {"restriction": "whitelist","value": [{"type": "id","entry": ["advancedrocketry:alien_forest"]}]}
		}
	}
}