{
  "parent": "minecraft:recipes/root",
  "criteria": {
    "has_normal": {
      "trigger": "minecraft:inventory_changed",
      "conditions": {
        "items": [
          {
            "item": "computercraft:computer",
            "data": 0
          }
        ]
      }
    },
    "has_advanced": {
      "trigger": "minecraft:inventory_changed",
      "conditions": {
        "items": [
          {
            "item": "computercraft:computer",
            "data": 16384
          }
        ]
      }
    },
    "has_cable": {
      "trigger": "minecraft:inventory_changed",
      "conditions": {
        "items": [
          {
            "item": "computercraft:cable",
            "data": 0
          }
        ]
      }
    },
    "has_modem_full": {
      "trigger": "minecraft:inventory_changed",
      "conditions": {
        "items": [
          {
            "item": "computercraft:wired_modem_full",
            "data": 0
          }
        ]
      }
    }
  }
}