{
  "outputs": [
  {"id": "environmentaltech:mica"             , "weight": 8  , "target": "white" }      ,
  {"id": "minecraft:clay"                     , "weight": 12 , "target": "silver" }     ,
  {"id": "minecraft:end_stone"                , "weight": 9  , "target": "" }           ,
  {"id": "minecraft:mossy_cobblestone"        , "weight": 10 , "target": "green" }      ,
  {"id": "minecraft:mycelium"                 , "weight": 8  , "target": "" }           ,
  {"id": "minecraft:netherrack"               , "weight": 28 , "target": "red" }        ,
  {"id": "minecraft:obsidian"                 , "weight": 6  , "target": "purple" }     ,
  {"id": "minecraft:soul_sand"                , "weight": 16 , "target": "brown" }      ,
  {"id": "minecraft:sponge"                   , "weight": 12 , "target": "yellow" }     ,
  
  {"id": "endreborn:block_lormyte_crystal"   , "weight": 30  , "target": "purple" }  ,
  {"id": "biomesoplenty:flesh"               , "weight": 20  , "target": "red" }  ,
  {"id": "iceandfire:chared_cobblestone"     , "weight": 15  , "target": "gray" }  ,
  {"id": "iceandfire:chared_dirt"            , "weight": 15  , "target": "gray" }  ,
  {"id": "iceandfire:chared_grass"           , "weight": 15  , "target": "gray" }  ,
  {"id": "iceandfire:chared_gravel"          , "weight": 15  , "target": "gray" }  ,
  {"id": "iceandfire:chared_stone"           , "weight": 15  , "target": "gray" }  ,
  {"id": "iceandfire:dread_stone"            , "weight": 5   , "target": "black" }  ,
  {"id": "iceandfire:frozen_cobblestone"     , "weight": 15  , "target": "light_blue" }  ,
  {"id": "iceandfire:frozen_dirt"            , "weight": 15  , "target": "light_blue" }  ,
  {"id": "iceandfire:frozen_grass"           , "weight": 15  , "target": "light_blue" }  ,
  {"id": "iceandfire:frozen_gravel"          , "weight": 15  , "target": "light_blue" }  ,
  {"id": "iceandfire:frozen_stone"           , "weight": 15  , "target": "light_blue" }  ,
  {"id": "iceandfire:myrmex_resin:1"         , "weight": 10  , "target": "orange" }  ,
  {"id": "iceandfire:myrmex_resin"           , "weight": 10  , "target": "brown" }  ,
  {"id": "quark:crystal"                     , "weight": 10  , "target": "" }  ,
  {"id": "quark:crystal:1"                   , "weight": 10  , "target": "red" }  ,
  {"id": "quark:crystal:2"                   , "weight": 10  , "target": "orange" }  ,
  {"id": "quark:crystal:3"                   , "weight": 10  , "target": "yellow" }  ,
  {"id": "quark:crystal:4"                   , "weight": 10  , "target": "lime" }  ,
  {"id": "quark:crystal:5"                   , "weight": 10  , "target": "cyan" }  ,
  {"id": "quark:crystal:6"                   , "weight": 10  , "target": "blue" }  ,
  {"id": "quark:crystal:7"                   , "weight": 10  , "target": "pink" }  ,
  {"id": "quark:crystal:8"                   , "weight": 10  , "target": "black" }  ,
  {"id": "rats:marbled_cheese_raw"           , "weight": 10  , "target": "yellow" }  ,
  {"id": "thaumcraft:stone_porous"           , "weight": 5   , "target": "silver" }  ,
  {"id": "twilightforest:giant_cobblestone"  , "weight": 1   , "target": "silver" }  
]
}