{
  "outputs": [
  {"id": "chisel:basalt2:7"                   , "weight": 30 , "target": "black" }      ,
  {"id": "chisel:limestone2:7"                , "weight": 30 , "target": "white" }      ,
  {"id": "chisel:marble2:7"                   , "weight": 32 , "target": "white" }      ,
  {"id": "environmentaltech:mica"             , "weight": 8  , "target": "white" }      ,
  {"id": "minecraft:clay"                     , "weight": 12 , "target": "silver" }     ,
  {"id": "minecraft:cobblestone"              , "weight": 28 , "target": "gray" }       ,
  {"id": "minecraft:dirt:0"                   , "weight": 20 , "target": "brown" }      ,
  {"id": "minecraft:dirt:2"                   , "weight": 10 , "target": "brown" }      ,
  {"id": "minecraft:grass"                    , "weight": 10 , "target": "green" }      ,
  {"id": "minecraft:gravel"                   , "weight": 30 , "target": "silver" }     ,
  {"id": "minecraft:hardened_clay"            , "weight": 12 , "target": "orange" }     ,
  {"id": "minecraft:mossy_cobblestone"        , "weight": 10 , "target": "green" }      ,
  {"id": "minecraft:mycelium"                 , "weight": 8  , "target": "" }           ,
  {"id": "minecraft:sand"                    , "weight": 300, "target": "yellow" }     ,
  {"id": "minecraft:sand:1"                   , "weight": 24 , "target": "yellow" }     ,
  {"id": "minecraft:sponge"                   , "weight": 12 , "target": "yellow" }     ,
  {"id": "minecraft:stone:0"                  , "weight": 32 , "target": "gray" }       ,
  {"id": "minecraft:stone:1"                  , "weight": 30 , "target": "pink" }       ,
  {"id": "minecraft:stone:3"                  , "weight": 30 , "target": "white" }      ,
  {"id": "minecraft:stone:5"                  , "weight": 30 , "target": "gray" }       ,
  {"id": "rustic:slate"                       , "weight": 30 , "target": "gray" }       ,
  
  {"id": "endreborn:block_essence_ore"       , "weight": 20  , "target": "purple" }  ,
  {"id": "biomesoplenty:flesh"               , "weight": 20  , "target": "red" }  ,
  {"id": "biomesoplenty:mud"                 , "weight": 40  , "target": "brown" }  ,
  {"id": "iceandfire:chared_cobblestone"     , "weight": 15  , "target": "gray" }  ,
  {"id": "iceandfire:chared_dirt"            , "weight": 15  , "target": "gray" }  ,
  {"id": "iceandfire:chared_grass"           , "weight": 15  , "target": "gray" }  ,
  {"id": "iceandfire:chared_gravel"          , "weight": 15  , "target": "gray" }  ,
  {"id": "iceandfire:chared_stone"           , "weight": 15  , "target": "gray" }  ,
  {"id": "iceandfire:frozen_cobblestone"     , "weight": 15  , "target": "light_blue" }  ,
  {"id": "iceandfire:frozen_dirt"            , "weight": 15  , "target": "light_blue" }  ,
  {"id": "iceandfire:frozen_grass"           , "weight": 15  , "target": "light_blue" }  ,
  {"id": "iceandfire:frozen_gravel"          , "weight": 15  , "target": "light_blue" }  ,
  {"id": "iceandfire:frozen_stone"           , "weight": 15  , "target": "light_blue" }  ,
  {"id": "nuclearcraft:wasteland_earth"      , "weight": 20  , "target": "black" }  ,
  {"id": "quark:biome_cobblestone:1"         , "weight": 20  , "target": "light_blue" }  ,
  {"id": "quark:biome_cobblestone:2"         , "weight": 20  , "target": "white" }  ,
  {"id": "quark:biome_cobblestone"           , "weight": 20  , "target": "red" }  ,
  {"id": "quark:crystal"                     , "weight": 10  , "target": "" }  ,
  {"id": "quark:crystal:1"                   , "weight": 10  , "target": "red" }  ,
  {"id": "quark:crystal:2"                   , "weight": 10  , "target": "orange" }  ,
  {"id": "quark:crystal:3"                   , "weight": 10  , "target": "yellow" }  ,
  {"id": "quark:crystal:4"                   , "weight": 10  , "target": "lime" }  ,
  {"id": "quark:crystal:5"                   , "weight": 10  , "target": "cyan" }  ,
  {"id": "quark:crystal:6"                   , "weight": 10  , "target": "blue" }  ,
  {"id": "quark:crystal:7"                   , "weight": 10  , "target": "pink" }  ,
  {"id": "quark:crystal:8"                   , "weight": 10  , "target": "black" }  ,
  {"id": "quark:jasper"                      , "weight": 30  , "target": "red" }  ,
  {"id": "quark:limestone"                   , "weight": 30  , "target": "silver" }  ,
  {"id": "quark:slate"                       , "weight": 30  , "target": "light_blue" }  ,
  {"id": "tconstruct:brownstone:1"           , "weight": 30  , "target": "yellow" }  ,
  {"id": "tconstruct:slime_dirt:1"           , "weight": 40  , "target": "cyan" }  ,
  {"id": "tconstruct:slime_dirt:2"           , "weight": 40  , "target": "purple" }  ,
  {"id": "tconstruct:slime_dirt:3"           , "weight": 40  , "target": "orange" }  ,
  {"id": "tconstruct:slime_dirt"             , "weight": 40  , "target": "green" }
]
}