{
  "catalystStack": {
    "registryName": {
      "domain": "thermalfoundation",
      "path": "storage"
    },
    "meta": 7
  },
  "components": [
     {"weight":  40,"oreName": "oreDraconium"}
    ,{"weight":  50,"oreName": "oreAstralStarmetal"}
    ,{"weight":  70,"oreName": "oreRutile"}
    ,{"weight": 100,"oreName": "oreMithril"}
    ,{"weight": 140,"oreName": "orePlatinum"}
    ,{"weight": 200,"oreName": "oreIridium"}
    ,{"weight": 300,"oreName": "mica"}
  ],
  "explosionStrength": 10.0,
  "radius": 5,
  "maxWeight": 900,
  "version": 4,
  "cost": 500000
}