{
  "display": {
    "icon": {
      "item": "integratedcrafting:part_interface_crafting_item"
    },
    "title": {
      "translate": "itemGroup.integratedcrafting"
    },
    "description": {
      "translate": "general.integratedcrafting.description"
    },
    "show_toast": false,
    "announce_to_chat": false
  },
  "parent": "integrateddynamics:recipe_handling/recipe_creation",
  "criteria": {
    "criteria_0": {
      "trigger": "minecraft:inventory_changed",
      "conditions": {
        "items": [
          {
            "item": "integrateddynamics:variable"
          }
        ]
      }
    }
  }
}