{
  "outputs": [
    {
      "target": "green",
      "weight": 24,
      "id": "environmentaltech:litherite_crystal"
    },
    {
      "target": "magenta",
      "weight": 22,
      "id": "environmentaltech:erodium_crystal"
    },
    {
      "target": "purple",
      "weight": 20,
      "id": "environmentaltech:kyronite_crystal"
    },
    {
      "target": "blue",
      "weight": 18,
      "id": "environmentaltech:pladium_crystal"
    },
    {
      "target": "light_blue",
      "weight": 16,
      "id": "environmentaltech:ionite_crystal"
    },
    {
      "target": "black",
      "weight": 14,
      "id": "environmentaltech:aethium_crystal"
    },
    {
      "target": "cyan",
      "weight": 15,
      "id": "OD:oreDiamond"
    },
    {
      "target": "yellow",
      "weight": 18,
      "id": "OD:glowstone"
    },
    {
      "target": "green",
      "weight": 13,
      "id": "OD:oreUranium"
    },
    {
      "target": "light_blue",
      "weight": 7,
      "id": "OD:oreChargedCertusQuartz"
    },
    {
      "target": "light_blue",
      "weight": 6,
      "id": "OD:orePlatinum"
    },
    {
      "target": "light_blue",
      "weight": 10,
      "id": "OD:oreMithril"
    },
    {
      "target": "red",
      "weight": 3,
      "id": "OD:oreFirestone"
    },
    {
      "target": "blue",
      "weight": 10,
      "id": "OD:oreCobalt"
    },
    {
      "target": "orange",
      "weight": 10,
      "id": "OD:oreArdite"
    },
    {
      "target": "purple",
      "weight": 10,
      "id": "draconicevolution:draconium_ore"
    },
    {
      "target": "white",
      "weight": 6,
      "id": "OD:oreIridium"
    },
    {
      "target": "black",
      "weight": 12,
      "id": "OD:oreTungsten"
    },
    {
      "target": "white",
      "weight": 10,
      "id": "rftools:dimensional_shard_ore"
    },
    {
      "target": "purple",
      "weight": 10,
      "id": "endreborn:dragon_essence"
    },
    {
      "target": "white",
      "weight": 10,
      "id": "rftools:dimensional_shard_ore"
    },
    {
      "target": "yellow",
      "weight": 10,
      "id": "OD:oreTitanium"
    }
  ]
}
