{
  "exnihilocreatio:item_cooked_silkworm:0": {"value": 0.6668, "color": {"r": 1.0,"g": 0.85,"b": 0.4,"a": 1.0},"compostBlock": {"name": "minecraft:dirt","meta": 0}},
  "exnihilocreatio:item_material:2"       : {"value": 0.5   , "color": {"r": 1.0,"g": 0.85,"b": 0.4,"a": 1.0},"compostBlock": {"name": "minecraft:dirt","meta": 0}},
  "minecraft:baked_potato:0"              : {"value": 0.5   , "color": {"r": 1.0,"g": 0.85,"b": 0.4,"a": 1.0},"compostBlock": {"name": "minecraft:dirt","meta": 0}},
  "minecraft:lit_pumpkin:0"               : {"value": 0.6668, "color": {"r": 1.0,"g": 0.85,"b": 0.4,"a": 1.0},"compostBlock": {"name": "minecraft:dirt","meta": 0}},
  "minecraft:poisonous_potato:0"          : {"value": 1     , "color": {"r": 1.0,"g": 0.85,"b": 0.4,"a": 1.0},"compostBlock": {"name": "minecraft:dirt","meta": 0}},
  "minecraft:pumpkin_pie:0"               : {"value": 0.3334, "color": {"r": 1.0,"g": 0.85,"b": 0.4,"a": 1.0},"compostBlock": {"name": "minecraft:dirt","meta": 0}},
  "ore:bread"                             : {"value": 0.2858, "color": {"r": 1.0,"g": 0.85,"b": 0.4,"a": 1.0},"compostBlock": {"name": "minecraft:dirt","meta": 0}},
  "ore:cropPumpkin"                       : {"value": 0.3334, "color": {"r": 1.0,"g": 0.85,"b": 0.4,"a": 1.0},"compostBlock": {"name": "minecraft:dirt","meta": 0}},
  "ore:cropWheat"                         : {"value": 0.2224, "color": {"r": 1.0,"g": 0.85,"b": 0.4,"a": 1.0},"compostBlock": {"name": "minecraft:dirt","meta": 0}},

  "minecraft:melon:0"                     : {"value": 0.2224, "color": {"r": 0.207,"g": 0.658,"b": 0.164,"a": 1.0},"compostBlock": {"name": "minecraft:dirt","meta": 0}},
  "minecraft:tallgrass"                   : {"value": 0.2858, "color": {"r": 0.207,"g": 0.658,"b": 0.164,"a": 1.0},"compostBlock": {"name": "minecraft:dirt","meta": 0}},
  "ore:cropCactus"                        : {"value": 0.3334, "color": {"r": 0.207,"g": 0.658,"b": 0.164,"a": 1.0},"compostBlock": {"name": "minecraft:dirt","meta": 0}},
  "ore:cropMelon"                         : {"value": 0.3334, "color": {"r": 0.207,"g": 0.658,"b": 0.164,"a": 1.0},"compostBlock": {"name": "minecraft:dirt","meta": 0}},
  "ore:flower"                            : {"value": 0.4   , "color": {"r": 0.207,"g": 0.658,"b": 0.164,"a": 1.0},"compostBlock": {"name": "minecraft:dirt","meta": 0}},
  "ore:lilypad"                           : {"value": 0.5   , "color": {"r": 0.207,"g": 0.658,"b": 0.164,"a": 1.0},"compostBlock": {"name": "minecraft:dirt","meta": 0}},
  "ore:listAllseed"                       : {"value": 0.2224, "color": {"r": 0.207,"g": 0.658,"b": 0.164,"a": 1.0},"compostBlock": {"name": "minecraft:dirt","meta": 0}},
  "ore:sugarcane"                         : {"value": 0.2224, "color": {"r": 0.207,"g": 0.658,"b": 0.164,"a": 1.0},"compostBlock": {"name": "minecraft:dirt","meta": 0}},
  "ore:treeSapling"                       : {"value": 0.2858, "color": {"r": 0.207,"g": 0.658,"b": 0.164,"a": 1.0},"compostBlock": {"name": "minecraft:dirt","meta": 0}},
  "ore:vine"                              : {"value": 0.5   , "color": {"r": 0.207,"g": 0.658,"b": 0.164,"a": 1.0},"compostBlock": {"name": "minecraft:dirt","meta": 0}},
  "ore:treeLeaves"                        : {"value": 0.25  , "color": {"r": 0.207,"g": 0.658,"b": 0.164,"a": 1.0},"compostBlock": {"name": "minecraft:dirt","meta": 0}},
  "ore:listAllveggie"                     : {"value": 0.25  , "color": {"r": 0.207,"g": 0.658,"b": 0.164,"a": 1.0},"compostBlock": {"name": "minecraft:dirt","meta": 0}},
  "actuallyadditions:item_misc:1"         : {"value": 0.3334, "color": {"r": 0.207,"g": 0.658,"b": 0.164,"a": 1.0},"compostBlock": {"name": "minecraft:dirt","meta": 0}},
  "ore:seedCanola"                        : {"value": 0.3334, "color": {"r": 0.207,"g": 0.658,"b": 0.164,"a": 1.0},"compostBlock": {"name": "minecraft:dirt","meta": 0}},
  "cyclicmagic:apple:0"                   : {"value": 0.125 , "color": {"r": 0.207,"g": 0.658,"b": 0.164,"a": 1.0},"compostBlock": {"name": "minecraft:dirt","meta": 0}},

  "minecraft:rotten_flesh:0"              : {"value": 0.6668, "color": {"r": 0.58,"g": 0.24,"b": 0.26,"a": 1.0},"compostBlock": {"name": "minecraft:dirt","meta": 0}},
  "minecraft:spider_eye:0"                : {"value": 1     , "color": {"r": 0.58,"g": 0.24,"b": 0.26,"a": 1.0},"compostBlock": {"name": "minecraft:dirt","meta": 0}},
  "ore:cropNetherWart"                    : {"value": 0.4   , "color": {"r": 0.58,"g": 0.24,"b": 0.26,"a": 1.0},"compostBlock": {"name": "minecraft:dirt","meta": 0}},
  "ore:listAllfruit"                      : {"value": 0.2224, "color": {"r": 0.58,"g": 0.24,"b": 0.26,"a": 1.0},"compostBlock": {"name": "minecraft:dirt","meta": 0}},
  "ore:listAllmeatcooked"                 : {"value": 1     , "color": {"r": 0.58,"g": 0.24,"b": 0.26,"a": 1.0},"compostBlock": {"name": "minecraft:dirt","meta": 0}},
  "ore:listAllmeatraw"                    : {"value": 0.5   , "color": {"r": 0.58,"g": 0.24,"b": 0.26,"a": 1.0},"compostBlock": {"name": "minecraft:dirt","meta": 0}},
  "ore:listAllmushroom"                   : {"value": 0.4   , "color": {"r": 0.58,"g": 0.24,"b": 0.26,"a": 1.0},"compostBlock": {"name": "minecraft:dirt","meta": 0}},
  "biomesoplenty:fleshchunk"              : {"value": 0.1   , "color": {"r": 0.58,"g": 0.24,"b": 0.26,"a": 1.0},"compostBlock": {"name": "minecraft:dirt","meta": 0}},

  "ore:egg"                               : {"value": 0.3334, "color": {"r": 0.84,"g": 0.92,"b": 0.89,"a": 1.0},"compostBlock": {"name": "minecraft:dirt","meta": 0}},
  "ore:listAllfishraw"                    : {"value": 0.6668, "color": {"r": 0.84,"g": 0.92,"b": 0.89,"a": 1.0},"compostBlock": {"name": "minecraft:dirt","meta": 0}},
  "ore:string"                            : {"value": 0.2   , "color": {"r": 0.84,"g": 0.92,"b": 0.89,"a": 1.0},"compostBlock": {"name": "minecraft:dirt","meta": 0}}
}