{
  "ore:endstone": [
    {
      "item": "exnihilocreatio:block_endstone_crushed:0",
      "amount": 1,
      "miningLevel": 0,
      "chance": 1.0,
      "fortuneChance": 0.0
    }
  ],
  "ore:stoneGranite": [
    {
      "item": "exnihilocreatio:block_granite_crushed:0",
      "amount": 1,
      "miningLevel": 0,
      "chance": 1.0,
      "fortuneChance": 0.0
    }
  ],
  "ore:stoneDiorite": [
    {
      "item": "exnihilocreatio:block_diorite_crushed:0",
      "amount": 1,
      "miningLevel": 0,
      "chance": 1.0,
      "fortuneChance": 0.0
    }
  ],
  "ore:stoneAndesite": [
    {
      "item": "exnihilocreatio:block_andesite_crushed:0",
      "amount": 1,
      "miningLevel": 0,
      "chance": 1.0,
      "fortuneChance": 0.0
    }
  ],
  "appliedenergistics2:sky_stone_block:0": [
    {
      "item": "exnihilocreatio:block_skystone_crushed:0",
      "amount": 1,
      "miningLevel": 3,
      "chance": 1.0,
      "fortuneChance": 0.0
    }
  ],
  "ore:gravel": [
    {
      "item": "minecraft:sand:0",
      "amount": 1,
      "miningLevel": 0,
      "chance": 1.0,
      "fortuneChance": 0.0
    }
  ],
  "ore:netherrack": [
    {
      "item": "exnihilocreatio:block_netherrack_crushed:0",
      "amount": 1,
      "miningLevel": 0,
      "chance": 1.0,
      "fortuneChance": 0.0
    }
  ],
  "ore:cobblestone": [
    {
      "item": "minecraft:gravel:0",
      "amount": 1,
      "miningLevel": 0,
      "chance": 1.0,
      "fortuneChance": 0.0
    }
  ],
  "ore:sand": [
    {
      "item": "exnihilocreatio:block_dust:0",
      "amount": 1,
      "miningLevel": 0,
      "chance": 1.0,
      "fortuneChance": 0.0
    }
  ],
  "ore:crushedDiorite": [
    {
      "item": "biomesoplenty:white_sand:0",
      "amount": 1,
      "miningLevel": 0,
      "chance": 1.0,
      "fortuneChance": 0.0
    }
  ],
  "exnihilocreatio:block_andesite_crushed": [
    {
      "item": "biomesoplenty:dried_sand:0",
      "amount": 1,
      "miningLevel": 0,
      "chance": 1.0,
      "fortuneChance": 0.0
    }
  ],
  "minecraft:dragon_egg": [
    {
      "item": "endreborn:dragon_scales:0",
      "amount": 8,
      "miningLevel": 1,
      "chance": 1.0,
      "fortuneChance": 0.0
    }
  ],
  "harvestcraft:waxcomb": [
    {
      "item": "forestry:beeswax:0",
      "amount": 1,
      "miningLevel": 0,
      "chance": 1.0,
      "fortuneChance": 0.0
    }
  ],
  "ore:prismarine": [
    {
      "item": "quark:gravisand:0",
      "amount": 1,
      "miningLevel": 0,
      "chance": 1.0,
      "fortuneChance": 0.0
    }
  ],
  "tconstruct:dried_clay": [
    {
      "item": "cyclicmagic:stone_pebble:0",
      "amount": 12,
      "miningLevel": 0,
      "chance": 1.0,
      "fortuneChance": 1.0
    }
  ],
  "endreborn:block_entropy_end_stone": [
    {
      "item": "exnihilocreatio:block_endstone_crushed:0",
      "amount": 1,
      "miningLevel": 2,
      "chance": 1.0,
      "fortuneChance": 0.0
    }
  ],
  "ic2:wall": [
    {
      "item": "minecraft:sand:0",
      "amount": 1,
      "miningLevel": 0,
      "chance": 1.0,
      "fortuneChance": 0.0
    }
  ],
  "biomesoplenty:coral": [
    {
      "item": "randomthings:ingredient:5",
      "amount": 1,
      "miningLevel": 0,
      "chance": 1.0,
      "fortuneChance": 0.0
    }
  ]
}