{
  "minecraft:dirt:0": [
    { "drop": {"name": "exnihilocreatio:item_pebble"         , "meta": 0} , "chance": 1.0  , "meshLevel": 1 } ,
    { "drop": {"name": "exnihilocreatio:item_pebble"         , "meta": 0} , "chance": 1.0  , "meshLevel": 1 } ,
    { "drop": {"name": "exnihilocreatio:item_pebble"         , "meta": 0} , "chance": 0.5  , "meshLevel": 1 } ,
    { "drop": {"name": "exnihilocreatio:item_pebble"         , "meta": 0} , "chance": 0.5  , "meshLevel": 1 } ,
    { "drop": {"name": "exnihilocreatio:item_pebble"         , "meta": 0} , "chance": 0.1  , "meshLevel": 1 } ,
    { "drop": {"name": "exnihilocreatio:item_pebble"         , "meta": 0} , "chance": 0.1  , "meshLevel": 1 } ,
    { "drop": {"name": "exnihilocreatio:item_pebble"         , "meta": 1} , "chance": 0.5  , "meshLevel": 1 } ,
    { "drop": {"name": "exnihilocreatio:item_pebble"         , "meta": 1} , "chance": 0.1  , "meshLevel": 1 } ,
    { "drop": {"name": "exnihilocreatio:item_pebble"         , "meta": 2} , "chance": 0.5  , "meshLevel": 1 } ,
    { "drop": {"name": "exnihilocreatio:item_pebble"         , "meta": 2} , "chance": 0.1  , "meshLevel": 1 } ,
    { "drop": {"name": "exnihilocreatio:item_pebble"         , "meta": 3} , "chance": 0.5  , "meshLevel": 1 } ,
    { "drop": {"name": "exnihilocreatio:item_pebble"         , "meta": 3} , "chance": 0.1  , "meshLevel": 1 } ,
    { "drop": {"name": "minecraft:wheat_seeds"               , "meta": 0} , "chance": 0.7  , "meshLevel": 1 } ,
    { "drop": {"name": "minecraft:melon_seeds"               , "meta": 0} , "chance": 0.35 , "meshLevel": 1 } ,
    { "drop": {"name": "minecraft:pumpkin_seeds"             , "meta": 0} , "chance": 0.35 , "meshLevel": 1 } ,
    { "drop": {"name": "exnihilocreatio:item_seed_oak"       , "meta": 0} , "chance": 0.05 , "meshLevel": 1 } ,
    { "drop": {"name": "exnihilocreatio:item_seed_spruce"    , "meta": 0} , "chance": 0.05 , "meshLevel": 1 } ,
    { "drop": {"name": "exnihilocreatio:item_seed_birch"     , "meta": 0} , "chance": 0.05 , "meshLevel": 1 } ,
    { "drop": {"name": "exnihilocreatio:item_seed_jungle"    , "meta": 0} , "chance": 0.05 , "meshLevel": 1 } ,
    { "drop": {"name": "exnihilocreatio:item_seed_acacia"    , "meta": 0} , "chance": 0.05 , "meshLevel": 1 } ,
    { "drop": {"name": "exnihilocreatio:item_seed_darkoak"   , "meta": 0} , "chance": 0.05 , "meshLevel": 1 } ,
    { "drop": {"name": "exnihilocreatio:item_seed_sugarcane" , "meta": 0} , "chance": 0.05 , "meshLevel": 1 } ,
    { "drop": {"name": "exnihilocreatio:item_seed_carrot"    , "meta": 0} , "chance": 0.05 , "meshLevel": 1 } ,
    { "drop": {"name": "exnihilocreatio:item_seed_potato"    , "meta": 0} , "chance": 0.05 , "meshLevel": 1 } ,
    { "drop": {"name": "exnihilocreatio:item_seed_rubber"    , "meta": 0} , "chance": 0.05 , "meshLevel": 1 } ,
    { "drop": {"name": "exnihilocreatio:item_material"       , "meta": 3} , "chance": 0.05 , "meshLevel": 1 } ,
    { "drop": {"name": "exnihilocreatio:item_material"       , "meta": 4} , "chance": 0.05 , "meshLevel": 1 } ,
    { "drop": {"name": "actuallyadditions:item_canola_seed"  , "meta": 0} , "chance": 0.05 , "meshLevel": 1 }
  ],

  "ore:dirtCoarse": [
    { "drop": {"name": "exnihilocreatio:item_pebble"         , "meta": 0} , "chance": 1.0  , "meshLevel": 1 } ,
    { "drop": {"name": "exnihilocreatio:item_pebble"         , "meta": 0} , "chance": 1.0  , "meshLevel": 1 } ,
    { "drop": {"name": "exnihilocreatio:item_pebble"         , "meta": 0} , "chance": 0.5  , "meshLevel": 1 } ,
    { "drop": {"name": "exnihilocreatio:item_pebble"         , "meta": 0} , "chance": 0.5  , "meshLevel": 1 } ,
    { "drop": {"name": "exnihilocreatio:item_pebble"         , "meta": 0} , "chance": 0.1  , "meshLevel": 1 } ,
    { "drop": {"name": "exnihilocreatio:item_pebble"         , "meta": 0} , "chance": 0.1  , "meshLevel": 1 } ,
    { "drop": {"name": "exnihilocreatio:item_pebble"         , "meta": 1} , "chance": 0.5  , "meshLevel": 1 } ,
    { "drop": {"name": "exnihilocreatio:item_pebble"         , "meta": 1} , "chance": 0.1  , "meshLevel": 1 } ,
    { "drop": {"name": "exnihilocreatio:item_pebble"         , "meta": 2} , "chance": 0.5  , "meshLevel": 1 } ,
    { "drop": {"name": "exnihilocreatio:item_pebble"         , "meta": 2} , "chance": 0.1  , "meshLevel": 1 } ,
    { "drop": {"name": "exnihilocreatio:item_pebble"         , "meta": 3} , "chance": 0.5  , "meshLevel": 1 } ,
    { "drop": {"name": "exnihilocreatio:item_pebble"         , "meta": 3} , "chance": 0.1  , "meshLevel": 1 }
  ],

  "exnihilocreatio:block_netherrack_crushed:0": [
    {"meshLevel": 1, "drop": {"name": "biomesoplenty:leaves_3"               , "meta": 8} , "chance": 0.5 } ,
    {"meshLevel": 1, "drop": {"name": "tconstruct:edible"                    , "meta": 4} , "chance": 0.1 } ,
    {"meshLevel": 1, "drop": {"name": "tconstruct:slime_sapling"             , "meta": 2} , "chance": 0.02} ,
    {"meshLevel": 1, "drop": {"name": "thaumcraft:nugget"                    , "meta": 9} , "chance": 1.0} ,
    {"meshLevel": 1, "drop": {"name": "thaumcraft:nugget"                    , "meta": 9} , "chance": 0.5} ,

    {"meshLevel": 2, "drop": {"name": "minecraft:blaze_powder"               , "meta": 0} , "chance": 0.1 } ,
    {"meshLevel": 2, "drop": {"name": "tconstruct:edible"                    , "meta": 4} , "chance": 0.15} ,
    {"meshLevel": 2, "drop": {"name": "tconstruct:slime_sapling"             , "meta": 2} , "chance": 0.05} ,
    {"meshLevel": 2, "drop": {"name": "thaumcraft:nugget"                    , "meta": 9} , "chance": 1.0 } ,
    {"meshLevel": 2, "drop": {"name": "thaumcraft:nugget"                    , "meta": 9} , "chance": 1.0 } ,
    {"meshLevel": 2, "drop": {"name": "thaumcraft:nugget"                    , "meta": 9} , "chance": 0.5 } ,

    {"meshLevel": 3, "drop": {"name": "minecraft:blaze_powder"               , "meta": 0} , "chance": 0.2 } ,
    {"meshLevel": 3, "drop": {"name": "tconstruct:edible"                    , "meta": 4} , "chance": 0.3 } ,
    {"meshLevel": 3, "drop": {"name": "tconstruct:slime_sapling"             , "meta": 2} , "chance": 0.05} ,
    {"meshLevel": 3, "drop": {"name": "biomesoplenty:ash"                    , "meta": 0} , "chance": 1.0 } ,
    {"meshLevel": 3, "drop": {"name": "biomesoplenty:ash"                    , "meta": 0} , "chance": 1.0 } ,
    {"meshLevel": 3, "drop": {"name": "biomesoplenty:ash"                    , "meta": 0} , "chance": 0.5 } ,

    {"meshLevel": 4, "drop": {"name": "exnihilocreatio:item_ore_ardite"      , "meta": 0} , "chance": 0.3 } ,
    {"meshLevel": 4, "drop": {"name": "exnihilocreatio:item_ore_cobalt"      , "meta": 0} , "chance": 0.3 } ,
    {"meshLevel": 4, "drop": {"name": "biomesoplenty:ash"                    , "meta": 0} , "chance": 1.0 } ,
    {"meshLevel": 4, "drop": {"name": "biomesoplenty:ash"                    , "meta": 0} , "chance": 1.0 } ,
    {"meshLevel": 4, "drop": {"name": "biomesoplenty:ash"                    , "meta": 0} , "chance": 1.0 } ,
    {"meshLevel": 4, "drop": {"name": "biomesoplenty:ash"                    , "meta": 0} , "chance": 1.0 } ,
    {"meshLevel": 4, "drop": {"name": "biomesoplenty:ash"                    , "meta": 0} , "chance": 0.5 } ,
    {"meshLevel": 4, "drop": {"name": "mysticalagriculture:fire_essence"     , "meta": 0} , "chance": 0.8 }
  ],

  "minecraft:soul_sand:0": [
    { "meshLevel": 1, "drop": {"name": "minecraft:nether_wart"                , "meta": 0   }, "chance": 0.3},
    { "meshLevel": 1, "drop": {"name": "biomesoplenty:double_plant"           , "meta": 2   }, "chance": 0.4},
    { "meshLevel": 1, "drop": {"name": "biomesoplenty:bramble_plant"          , "meta": 0   }, "chance": 0.4},

    { "meshLevel": 2, "drop": {"name": "mysticalagriculture:glowstone_essence", "meta": 0   }, "chance": 0.2},
    { "meshLevel": 2, "drop": {"name": "appliedenergistics2:crystal_seed"     , "meta": 1200}, "chance": 0.08},
    { "meshLevel": 2, "drop": {"name": "minecraft:nether_wart"                , "meta": 0   }, "chance": 0.6},
    { "meshLevel": 2, "drop": {"name": "biomesoplenty:double_plant"           , "meta": 2   }, "chance": 0.6},
    { "meshLevel": 2, "drop": {"name": "biomesoplenty:bramble_plant"          , "meta": 0   }, "chance": 0.6},
    { "meshLevel": 2, "drop": {"name": "mysticalagriculture:ghast_essence"    , "meta": 0   }, "chance": 0.4},

    { "meshLevel": 3, "drop": {"name": "mysticalagriculture:glowstone_essence", "meta": 0   }, "chance": 0.3},
    { "meshLevel": 3, "drop": {"name": "appliedenergistics2:crystal_seed"     , "meta": 1200}, "chance": 0.15},
    { "meshLevel": 3, "drop": {"name": "minecraft:blaze_powder"               , "meta": 0   }, "chance": 0.15},
    { "meshLevel": 3, "drop": {"name": "biomesoplenty:double_plant"           , "meta": 2   }, "chance": 0.8},
    { "meshLevel": 3, "drop": {"name": "biomesoplenty:bramble_plant"          , "meta": 0   }, "chance": 0.8},
    { "meshLevel": 3, "drop": {"name": "mysticalagriculture:ghast_essence"    , "meta":    0}, "chance": 0.6},

    { "meshLevel": 4, "drop": {"name": "mysticalagriculture:glowstone_essence", "meta":    0}, "chance": 0.4},
    { "meshLevel": 4, "drop": {"name": "appliedenergistics2:crystal_seed"     , "meta": 1200}, "chance": 0.3},
    { "meshLevel": 4, "drop": {"name": "mysticalagriculture:ghast_essence"    , "meta":    0}, "chance": 0.8}
  ],

  "exnihilocreatio:block_endstone_crushed": [
    { "meshLevel": 1, "drop": {"name": "minecraft:chorus_fruit"        , "meta": 0}  , "chance": 0.4},
    { "meshLevel": 1, "drop": {"name": "endreborn:item_lormyte_crystal", "meta": 0}  , "chance": 0.3 },
    { "meshLevel": 1, "drop": {"name": "jaopca:item_pieceuranium"      , "meta": 0}  , "chance": 0.3 },

    { "meshLevel": 2, "drop": {"name": "minecraft:chorus_fruit"       , "meta": 0}  , "chance": 0.6},
    { "meshLevel": 2, "drop": {"name": "nuclearcraft:compound"        , "meta": 9}  , "chance": 0.4},
    { "meshLevel": 2, "drop": {"name": "jaopca:item_pieceuranium"     , "meta": 0}  , "chance": 0.4},
    { "meshLevel": 2, "drop": {"name": "appliedenergistics2:material" , "meta": 46} , "chance": 0.3},
    { "meshLevel": 2, "drop": {"name": "darkutils:shulker_pearl"      , "meta": 0}  , "chance": 0.1},
    { "meshLevel": 2, "drop": {"name": "endreborn:item_lormyte_crystal","meta": 0}  , "chance": 0.4},
    { "meshLevel": 2, "drop": {"name": "biomesoplenty:crystal_shard"  , "meta": 0}  , "chance": 0.2},

    { "meshLevel": 3, "drop": {"name": "minecraft:chorus_fruit"       , "meta": 0}  , "chance": 1.0},
    { "meshLevel": 3, "drop": {"name": "minecraft:chorus_fruit"       , "meta": 0}  , "chance": 0.5},
    { "meshLevel": 3, "drop": {"name": "nuclearcraft:compound"        , "meta": 9}  , "chance": 0.8},
    { "meshLevel": 3, "drop": {"name": "jaopca:item_pieceuranium"     , "meta": 0}  , "chance": 0.5},
    { "meshLevel": 3, "drop": {"name": "appliedenergistics2:material" , "meta": 46} , "chance": 0.4},
    { "meshLevel": 3, "drop": {"name": "darkutils:shulker_pearl"      , "meta": 0}  , "chance": 0.2},
    { "meshLevel": 3, "drop": {"name": "endreborn:item_lormyte_crystal","meta": 0}  , "chance": 0.5},
    { "meshLevel": 3, "drop": {"name": "biomesoplenty:crystal_shard"  , "meta": 0}  , "chance": 0.3},
    { "meshLevel": 3, "drop": {"name": "jaopca:item_piecetitanium"    , "meta": 0}  , "chance": 0.1},

    { "meshLevel": 4, "drop": {"name": "nuclearcraft:compound"        , "meta": 9}  , "chance": 1.0},
    { "meshLevel": 4, "drop": {"name": "nuclearcraft:compound"        , "meta": 9}  , "chance": 0.2},
    { "meshLevel": 4, "drop": {"name": "jaopca:item_pieceuranium"     , "meta": 0}  , "chance": 0.6},
    { "meshLevel": 4, "drop": {"name": "appliedenergistics2:material" , "meta": 46} , "chance": 0.5},
    { "meshLevel": 4, "drop": {"name": "darkutils:shulker_pearl"      , "meta": 0}  , "chance": 0.3},
    { "meshLevel": 4, "drop": {"name": "endreborn:item_lormyte_crystal","meta": 0}  , "chance": 0.6},
    { "meshLevel": 4, "drop": {"name": "biomesoplenty:crystal_shard"  , "meta": 0}  , "chance": 0.4},
    { "meshLevel": 4, "drop": {"name": "jaopca:item_piecetitanium"    , "meta": 0}  , "chance": 0.3},
    { "meshLevel": 4, "drop": {"name": "jaopca:item_pieceiridium"     , "meta": 0}  , "chance": 0.2}
  ],

  "exnihilocreatio:block_skystone_crushed": [
    { "meshLevel": 2, "drop": {"name": "mysticalagriculture:starmetal_essence", "meta": 0} , "chance": 0.20 },
    { "meshLevel": 2, "drop": {"name": "mysticalagriculture:rock_crystal_essence"  , "meta": 0} , "chance": 0.1  },
    { "meshLevel": 2, "drop": {"name": "mysticalagriculture:black_quartz_essence"  , "meta": 0} , "chance": 0.5  },

    { "meshLevel": 3, "drop": {"name": "mysticalagriculture:starmetal_essence", "meta": 0} , "chance": 0.30 } ,
    { "meshLevel": 3, "drop": {"name": "mysticalagriculture:rock_crystal_essence"  , "meta": 0} , "chance": 0.15  },
    { "meshLevel": 3, "drop": {"name": "mysticalagriculture:black_quartz_essence"  , "meta": 0} , "chance": 0.7  },
    { "meshLevel": 3, "drop": {"name": "fluxnetworks:flux"                         , "meta": 0} , "chance": 0.7  },

    { "meshLevel": 4, "drop": {"name": "mysticalagriculture:starmetal_essence"     , "meta": 0} , "chance": 0.40} ,
    { "meshLevel": 4, "drop": {"name": "mysticalagriculture:rock_crystal_essence"  , "meta": 0} , "chance": 0.20},
    { "meshLevel": 4, "drop": {"name": "mysticalagriculture:black_quartz_essence"  , "meta": 0} , "chance": 0.9},
    { "meshLevel": 4, "drop": {"name": "fluxnetworks:flux"                         , "meta": 0} , "chance": 0.9},
    { "meshLevel": 4, "drop": {"name": "mysticalagriculture:ruby_essence"          , "meta": 0} , "chance": 0.4} ,
    { "meshLevel": 4, "drop": {"name": "mysticalagriculture:peridot_essence"       , "meta": 0} , "chance": 0.3} ,
    { "meshLevel": 4, "drop": {"name": "mysticalagriculture:malachite_essence"     , "meta": 0} , "chance": 0.2} ,
    { "meshLevel": 4, "drop": {"name": "mysticalagriculture:sapphire_essence"      , "meta": 0} , "chance": 0.6}
  ],

  "minecraft:gravel:0": [
    {"meshLevel": 1, "drop": {"name": "minecraft:flint"                      , "meta": 0}    , "chance": 0.8} ,

    {"meshLevel": 2, "drop": {"name": "minecraft:flint"                      , "meta": 0}    , "chance": 1.0} ,
    {"meshLevel": 2, "drop": {"name": "minecraft:flint"                      , "meta": 0}    , "chance": 0.4} ,
    {"meshLevel": 2, "drop": {"name": "ic2:dust"                             , "meta": 3}    , "chance": 0.15} ,

    {"meshLevel": 3, "drop": {"name": "ic2:dust"                             , "meta": 3}    , "chance": 0.25} ,
    {"meshLevel": 3, "drop": {"name": "actuallyadditions:item_dust"          , "meta": 7}    , "chance": 0.15} ,
    {"meshLevel": 3, "drop": {"name": "cyclicmagic:stone_pebble"             , "meta": 0}    , "chance": 0.2} ,

    {"meshLevel": 4, "drop": {"name": "thermalfoundation:material"           , "meta": 768}  , "chance": 0.3} ,
    {"meshLevel": 4, "drop": {"name": "actuallyadditions:item_dust"          , "meta": 7}    , "chance": 0.2} ,
    {"meshLevel": 4, "drop": {"name": "cyclicmagic:stone_pebble"             , "meta": 0}    , "chance": 0.3} ,
    {"meshLevel": 4, "drop": {"name": "mysticalagriculture:stone_essence"    , "meta": 0}    , "chance": 0.1}
  ],

  "minecraft:sand:0": [
    {"meshLevel": 1, "drop": {"name":"mysticalagriculture:aquamarine_essence", "meta": 0}    , "chance": 0.3} ,
    {"meshLevel": 1, "drop": {"name": "thaumicwonders:cinderpearl_seed"      , "meta": 0}    , "chance": 0.3} ,
    {"meshLevel": 1, "drop": {"name": "exnihilocreatio:item_seed_cactus"     , "meta": 0}    , "chance": 0.1} ,
    {"meshLevel": 1, "drop": {"name": "biomesoplenty:plant_1"                , "meta": 6}    , "chance": 0.1} ,

    {"meshLevel": 2, "drop": {"name":"mysticalagriculture:aquamarine_essence", "meta": 0}    , "chance": 0.4} ,
    {"meshLevel": 2, "drop": {"name": "thaumicwonders:cinderpearl_seed"      , "meta": 0}    , "chance": 0.4} ,
    {"meshLevel": 2, "drop": {"name": "minecraft:dye"                        , "meta": 3}    , "chance": 0.1} ,
    {"meshLevel": 2, "drop": {"name": "minecraft:prismarine_shard"           , "meta": 0}    , "chance": 0.05} ,
    {"meshLevel": 2, "drop": {"name": "ic2:dust"                             , "meta": 1}    , "chance": 0.2} ,
    {"meshLevel": 2, "drop": {"name": "exnihilocreatio:item_seed_cactus"     , "meta": 0}    , "chance": 0.2} ,
    {"meshLevel": 2, "drop": {"name": "biomesoplenty:plant_1"                , "meta": 6}    , "chance": 0.2} ,
    
    {"meshLevel": 3, "drop": {"name":"mysticalagriculture:aquamarine_essence", "meta": 0}    , "chance": 0.5} ,
    {"meshLevel": 3, "drop": {"name": "minecraft:dye"                        , "meta": 3}    , "chance": 0.2} ,
    {"meshLevel": 3, "drop": {"name": "minecraft:prismarine_shard"           , "meta": 0}    , "chance": 0.15} ,
    {"meshLevel": 3, "drop": {"name": "ic2:dust"                             , "meta": 1}    , "chance": 0.4} ,
    {"meshLevel": 3, "drop": {"name": "exnihilocreatio:item_seed_cactus"     , "meta": 0}    , "chance": 0.4} ,
    {"meshLevel": 3, "drop": {"name": "biomesoplenty:plant_1"                , "meta": 6}    , "chance": 0.4} ,
    {"meshLevel": 3, "drop": {"name": "libvulpes:productnugget"              , "meta": 3}    , "chance": 0.2} ,

    {"meshLevel": 4, "drop": {"name":"mysticalagriculture:aquamarine_essence", "meta": 0}    , "chance": 0.6} ,
    {"meshLevel": 4, "drop": {"name": "minecraft:dye"                        , "meta": 3}    , "chance": 0.2} ,
    {"meshLevel": 4, "drop": {"name": "minecraft:prismarine_shard"           , "meta": 0}    , "chance": 0.15} ,
    {"meshLevel": 4, "drop": {"name": "libvulpes:productnugget"              , "meta": 3}    , "chance": 0.3}
  ],

  "exnihilocreatio:block_dust:0": [
    {"meshLevel": 1, "drop": {"name": "minecraft:dye"                        , "meta": 15}    , "chance": 0.05} ,

    {"meshLevel": 2, "drop": {"name": "minecraft:dye"                        , "meta": 15}   , "chance": 0.1} ,
    {"meshLevel": 2, "drop": {"name": "appliedenergistics2:material"         , "meta": 45}   , "chance": 0.15} ,
    {"meshLevel": 2, "drop": {"name": "minecraft:gunpowder"                  , "meta": 0}    , "chance": 0.3} ,

    {"meshLevel": 3, "drop": {"name": "minecraft:dye"                        , "meta": 15}   , "chance": 0.15} ,
    {"meshLevel": 3, "drop": {"name": "appliedenergistics2:material"         , "meta": 45}   , "chance": 0.22} ,
    {"meshLevel": 3, "drop": {"name": "minecraft:gunpowder"                  , "meta": 0}    , "chance": 0.22} ,
    {"meshLevel": 3, "drop": {"name": "ic2:dust"                             , "meta": 15}   , "chance": 0.5 } ,

    {"meshLevel": 4, "drop": {"name": "minecraft:dye"                        , "meta": 15}   , "chance": 0.3} ,
    {"meshLevel": 4, "drop": {"name": "appliedenergistics2:material"         , "meta": 45}   , "chance": 0.3} ,
    {"meshLevel": 4, "drop": {"name": "minecraft:gunpowder"                  , "meta": 0}    , "chance": 0.5} ,
    {"meshLevel": 4, "drop": {"name": "ic2:dust"                             , "meta": 15}   , "chance": 1.0} ,
    {"meshLevel": 4, "drop": {"name": "ic2:dust"                             , "meta": 15}   , "chance": 0.5} ,
    {"meshLevel": 4, "drop": {"name": "ic2:dust"                             , "meta": 33}   , "chance": 0.5}
  ],

  "advancedrocketry:hotturf:0": [
    {"meshLevel": 3, "drop": {"name": "ic2:dust"                             , "meta": 13}   , "chance": 0.8} ,
    {"meshLevel": 3, "drop": {"name": "environmentaltech:lonsdaleite_crystal", "meta": 0}    , "chance": 0.2} ,
    {"meshLevel": 3, "drop": {"name": "jaopca:item_pieceplatinum"            , "meta": 0}    , "chance": 0.2} ,
    {"meshLevel": 3, "drop": {"name": "jaopca:item_piecetitanium"            , "meta": 0}    , "chance": 0.5} ,

    
    {"meshLevel": 4, "drop": {"name": "ic2:dust"                             , "meta": 13}   , "chance": 0.8} ,
    {"meshLevel": 4, "drop": {"name": "environmentaltech:lonsdaleite_crystal", "meta": 0}    , "chance": 0.2} ,
    {"meshLevel": 4, "drop": {"name": "jaopca:item_pieceiridium"             , "meta": 0}    , "chance": 0.01} ,
    {"meshLevel": 4, "drop": {"name": "jaopca:item_pieceplatinum"            , "meta": 0}    , "chance": 0.2} ,
    {"meshLevel": 4, "drop": {"name": "jaopca:item_piecetitanium"            , "meta": 0}    , "chance": 0.5} ,
    {"meshLevel": 4, "drop": {"name": "qmd:chemical_dust"                    , "meta": 0}    , "chance": 0.1} ,
    {"meshLevel": 4, "drop": {"name": "qmd:chemical_dust"                    , "meta": 4}    , "chance": 0.1} ,
    {"meshLevel": 4, "drop": {"name": "qmd:chemical_dust"                    , "meta": 5}    , "chance": 0.1}
  ],

  "biomesoplenty:dried_sand:0": [
    {"meshLevel": 1, "drop": {"name": "biomesoplenty:mudball"                , "meta": 0}    , "chance": 0.45} ,
    {"meshLevel": 1, "drop": {"name": "immersiveengineering:material"        , "meta": 7}    , "chance": 0.2} ,

    {"meshLevel": 2, "drop": {"name": "biomesoplenty:mudball"                , "meta": 0}    , "chance": 0.45} ,
    {"meshLevel": 2, "drop": {"name": "immersiveengineering:material"        , "meta": 7}    , "chance": 0.25} ,

    {"meshLevel": 3, "drop": {"name": "biomesoplenty:mudball"                , "meta": 0}    , "chance": 0.45} ,
    {"meshLevel": 3, "drop": {"name": "immersiveengineering:material"        , "meta": 7}    , "chance": 0.3} ,
    {"meshLevel": 3, "drop": {"name": "thermalfoundation:material"           , "meta": 892}  , "chance": 0.1} ,

    {"meshLevel": 4, "drop": {"name": "biomesoplenty:mudball"                , "meta": 0}    , "chance": 0.45} ,
    {"meshLevel": 4, "drop": {"name": "immersiveengineering:material"        , "meta": 7}    , "chance": 0.35} ,
    {"meshLevel": 4, "drop": {"name": "thermalfoundation:material"           , "meta": 892}  , "chance": 0.15} ,
    {"meshLevel": 4, "drop": {"name": "tconstruct:materials"                 , "meta": 2}    , "chance": 1.0 } ,
    {"meshLevel": 4, "drop": {"name": "tconstruct:materials"                 , "meta": 2}    , "chance": 1.0 } ,
    {"meshLevel": 4, "drop": {"name": "tconstruct:materials"                 , "meta": 2}    , "chance": 0.5 }
  ],

  "biomesoplenty:white_sand:0": [
    {"meshLevel": 1, "drop": {"name": "mysticalagriculture:apatite_essence"  , "meta": 0}    , "chance": 0.15} ,
    {"meshLevel": 1, "drop": {"name": "appliedenergistics2:crystal_seed"     , "meta": 0}    , "chance": 0.15 } ,
    {"meshLevel": 1, "drop": {"name": "appliedenergistics2:crystal_seed"     , "meta": 600 } , "chance": 0.5 } ,
    {"meshLevel": 1, "drop": {"name": "thaumicwonders:shimmerleaf_seed"      , "meta": 0}    , "chance": 0.8} ,
    {"meshLevel": 1, "drop": {"name": "exnihilocreatio:item_ore_tin"         , "meta": 0}    , "chance": 0.05} ,
    
    {"meshLevel": 2, "drop": {"name": "mysticalagriculture:lapis_lazuli_essence","meta":0}   , "chance": 0.5} ,
    {"meshLevel": 2, "drop": {"name": "mysticalagriculture:apatite_essence"  , "meta": 0}    , "chance": 0.2} ,
    {"meshLevel": 2, "drop": {"name": "appliedenergistics2:crystal_seed"     , "meta": 0}    , "chance": 0.3 } ,
    {"meshLevel": 2, "drop": {"name": "appliedenergistics2:crystal_seed"     , "meta": 600 } , "chance": 0.8 } ,
    {"meshLevel": 2, "drop": {"name": "thaumicwonders:shimmerleaf_seed"      , "meta": 0}    , "chance": 1.0} ,
    {"meshLevel": 2, "drop": {"name": "thaumicwonders:shimmerleaf_seed"      , "meta": 0}    , "chance": 0.5} ,
    {"meshLevel": 2, "drop": {"name": "tconstruct:shard"                     , "meta": 0, "nbt": "{Material:\"ma.prosperity\"}"}, "chance": 0.1},
    {"meshLevel": 2, "drop": {"name": "exnihilocreatio:item_ore_tin"         , "meta": 0}    , "chance": 0.15} ,
    {"meshLevel": 2, "drop": {"name": "exnihilocreatio:item_ore_aluminium"   , "meta": 0}    , "chance": 0.1} ,

    {"meshLevel": 3, "drop": {"name": "mysticalagriculture:lapis_lazuli_essence","meta":0}   , "chance": 0.8} ,
    {"meshLevel": 3, "drop": {"name": "mysticalagriculture:apatite_essence"  , "meta": 0}    , "chance": 0.3} ,
    {"meshLevel": 3, "drop": {"name": "appliedenergistics2:crystal_seed"     , "meta": 0}    , "chance": 0.5 } ,
    {"meshLevel": 3, "drop": {"name": "appliedenergistics2:crystal_seed"     , "meta": 600 } , "chance": 1.0 } ,
    {"meshLevel": 3, "drop": {"name": "thaumicwonders:shimmerleaf_seed"      , "meta": 0}    , "chance": 1.0} ,
    {"meshLevel": 3, "drop": {"name": "thaumicwonders:shimmerleaf_seed"      , "meta": 0}    , "chance": 1.0} ,
    {"meshLevel": 3, "drop": {"name": "thaumicwonders:shimmerleaf_seed"      , "meta": 0}    , "chance": 0.5} ,
    {"meshLevel": 3, "drop": {"name": "tconstruct:shard"                     , "meta": 0, "nbt": "{Material:\"ma.prosperity\"}"}, "chance": 0.15},
    {"meshLevel": 3, "drop": {"name": "exnihilocreatio:item_ore_tin"         , "meta": 0}    , "chance": 0.2} ,
    {"meshLevel": 3, "drop": {"name": "exnihilocreatio:item_ore_aluminium"   , "meta": 0}    , "chance": 0.2} ,
    {"meshLevel": 3, "drop": {"name": "thermalfoundation:material"           , "meta": 772}  , "chance": 0.2} ,

    {"meshLevel": 4, "drop": {"name": "tconstruct:shard"                     , "meta": 0, "nbt": "{Material:\"ma.prosperity\"}"}, "chance": 0.2},
    {"meshLevel": 4, "drop": {"name": "exnihilocreatio:item_ore_tin"         , "meta": 0}    , "chance": 0.25} ,
    {"meshLevel": 4, "drop": {"name": "exnihilocreatio:item_ore_aluminium"   , "meta": 0}    , "chance": 0.25} ,
    {"meshLevel": 4, "drop": {"name": "thermalfoundation:material"           , "meta": 772}  , "chance": 0.25} ,
    {"meshLevel": 4, "drop": {"name": "exnihilocreatio:item_ore_silver"      , "meta": 0}    , "chance": 0.3}
  ],

  "minecraft:sand:1": [
    {"meshLevel": 1, "drop": {"name": "exnihilocreatio:item_ore_copper"      , "meta": 0}    , "chance": 0.3} ,
    {"meshLevel": 1, "drop": {"name": "extrautils2:redorchid"                , "meta": 0}    , "chance": 0.3} ,

    {"meshLevel": 2, "drop": {"name": "exnihilocreatio:item_ore_copper"      , "meta": 0}    , "chance": 0.4} ,
    {"meshLevel": 2, "drop": {"name": "extrautils2:redorchid"                , "meta": 0}    , "chance": 0.4} ,
    {"meshLevel": 2, "drop": {"name": "extrautils2:ingredients"              , "meta": 0}    , "chance": 0.15} ,

    {"meshLevel": 3, "drop": {"name": "exnihilocreatio:item_ore_copper"      , "meta": 0}    , "chance": 0.5} ,
    {"meshLevel": 3, "drop": {"name": "extrautils2:redorchid"                , "meta": 0}    , "chance": 0.5} ,
    {"meshLevel": 3, "drop": {"name": "extrautils2:ingredients"              , "meta": 0}    , "chance": 0.2} ,
    {"meshLevel": 3, "drop": {"name": "exnihilocreatio:item_ore_iron"        , "meta": 0}    , "chance": 0.2} ,

    {"meshLevel": 4, "drop": {"name": "exnihilocreatio:item_ore_copper"      , "meta": 0}    , "chance": 0.6} ,
    {"meshLevel": 4, "drop": {"name": "extrautils2:ingredients"              , "meta": 0}    , "chance": 0.25} ,
    {"meshLevel": 4, "drop": {"name": "exnihilocreatio:item_ore_iron"        , "meta": 0}    , "chance": 0.25} ,
    {"meshLevel": 4, "drop": {"name": "exnihilocreatio:item_ore_gold"        , "meta": 0}    , "chance": 0.25}
  ],

  "quark:gravisand:0": [
    {"meshLevel": 1, "drop": {"name": "biomesoplenty:coral"    , "meta": 0} , "chance": 0.6},
    {"meshLevel": 1, "drop": {"name": "biomesoplenty:coral"    , "meta": 0} , "chance": 1.0},
    {"meshLevel": 1, "drop": {"name": "biomesoplenty:coral"    , "meta": 1} , "chance": 0.6},
    {"meshLevel": 1, "drop": {"name": "biomesoplenty:coral"    , "meta": 1} , "chance": 1.0},
    {"meshLevel": 1, "drop": {"name": "biomesoplenty:coral"    , "meta": 2} , "chance": 0.6},
    {"meshLevel": 1, "drop": {"name": "biomesoplenty:coral"    , "meta": 2} , "chance": 1.0},
    {"meshLevel": 1, "drop": {"name": "biomesoplenty:coral"    , "meta": 3} , "chance": 0.6},
    {"meshLevel": 1, "drop": {"name": "biomesoplenty:coral"    , "meta": 3} , "chance": 1.0},
    {"meshLevel": 1, "drop": {"name": "biomesoplenty:coral"    , "meta": 4} , "chance": 0.6},
    {"meshLevel": 1, "drop": {"name": "biomesoplenty:coral"    , "meta": 4} , "chance": 1.0},
    {"meshLevel": 1, "drop": {"name": "biomesoplenty:seaweed"  , "meta": 0} , "chance": 0.6},
    {"meshLevel": 1, "drop": {"name": "biomesoplenty:seaweed"  , "meta": 0} , "chance": 1.0},
    {"meshLevel": 1, "drop": {"name": "minecraft:waterlily"    , "meta": 0} , "chance": 0.6},
    {"meshLevel": 1, "drop": {"name": "minecraft:waterlily"    , "meta": 0} , "chance": 1.0},
    {"meshLevel": 1, "drop": {"name": "biomesoplenty:waterlily", "meta": 0} , "chance": 0.6},
    {"meshLevel": 1, "drop": {"name": "biomesoplenty:waterlily", "meta": 0} , "chance": 1.0},
    {"meshLevel": 1, "drop": {"name": "biomesoplenty:waterlily", "meta": 1} , "chance": 0.6},
    {"meshLevel": 1, "drop": {"name": "biomesoplenty:waterlily", "meta": 1} , "chance": 1.0},
    {"meshLevel": 1, "drop": {"name": "biomesoplenty:waterlily", "meta": 2} , "chance": 0.6},
    {"meshLevel": 1, "drop": {"name": "biomesoplenty:waterlily", "meta": 2} , "chance": 1.0},
    {"meshLevel": 1, "drop": {"name": "biomesoplenty:waterlily", "meta": 3} , "chance": 0.6},
    {"meshLevel": 1, "drop": {"name": "biomesoplenty:waterlily", "meta": 3} , "chance": 1.0}
  ],

  "ore:treeLeaves": [
    {"meshLevel": 2, "drop": {"name": "biomesoplenty:plant_0"      , "meta": 12} , "chance": 0.02},
    {"meshLevel": 2, "drop": {"name": "biomesoplenty:plant_0"      , "meta": 13} , "chance": 0.02},
    {"meshLevel": 2, "drop": {"name": "biomesoplenty:plant_0"      , "meta": 14} , "chance": 0.02},
    {"meshLevel": 2, "drop": {"name": "biomesoplenty:plant_0"      , "meta": 15} , "chance": 0.02},
    {"meshLevel": 2, "drop": {"name": "biomesoplenty:plant_1"      , "meta": 1}  , "chance": 0.02},
    {"meshLevel": 2, "drop": {"name": "biomesoplenty:plant_1"      , "meta": 2}  , "chance": 0.02},
    {"meshLevel": 2, "drop": {"name": "biomesoplenty:plant_1"      , "meta": 3}  , "chance": 0.02},
    {"meshLevel": 2, "drop": {"name": "biomesoplenty:plant_1"      , "meta": 4}  , "chance": 0.02},
    {"meshLevel": 2, "drop": {"name": "biomesoplenty:plant_1"      , "meta": 5}  , "chance": 0.02},
    {"meshLevel": 2, "drop": {"name": "biomesoplenty:plant_1"      , "meta": 7}  , "chance": 0.02},
    {"meshLevel": 2, "drop": {"name": "biomesoplenty:plant_1"      , "meta": 8}  , "chance": 0.02},
    {"meshLevel": 2, "drop": {"name": "biomesoplenty:plant_1"      , "meta": 9}  , "chance": 0.02},
    {"meshLevel": 2, "drop": {"name": "biomesoplenty:plant_1"      , "meta": 11} , "chance": 0.02},
    {"meshLevel": 2, "drop": {"name": "biomesoplenty:plant_1"      , "meta": 11} , "chance": 0.02},
    {"meshLevel": 2, "drop": {"name": "biomesoplenty:bamboo"       , "meta": 0}  , "chance": 0.02},
    {"meshLevel": 2, "drop": {"name": "biomesoplenty:double_plant" , "meta": 0}  , "chance": 0.02},
    {"meshLevel": 2, "drop": {"name": "biomesoplenty:double_plant" , "meta": 1}  , "chance": 0.02},
    {"meshLevel": 2, "drop": {"name": "biomesoplenty:double_plant" , "meta": 3}  , "chance": 0.02},
    {"meshLevel": 2, "drop": {"name": "biomesoplenty:mushroom"     , "meta": 0}  , "chance": 0.02},
    {"meshLevel": 2, "drop": {"name": "biomesoplenty:mushroom"     , "meta": 1}  , "chance": 0.02},
    {"meshLevel": 2, "drop": {"name": "biomesoplenty:mushroom"     , "meta": 2}  , "chance": 0.02},
    {"meshLevel": 2, "drop": {"name": "biomesoplenty:mushroom"     , "meta": 3}  , "chance": 0.02},
    {"meshLevel": 2, "drop": {"name": "biomesoplenty:mushroom"     , "meta": 4}  , "chance": 0.02},
    {"meshLevel": 2, "drop": {"name": "biomesoplenty:mushroom"     , "meta": 5}  , "chance": 0.02},
    {"meshLevel": 2, "drop": {"name": "biomesoplenty:flower_0"     , "meta": 0}  , "chance": 0.02},
    {"meshLevel": 2, "drop": {"name": "biomesoplenty:flower_0"     , "meta": 1}  , "chance": 0.02},
    {"meshLevel": 2, "drop": {"name": "biomesoplenty:flower_0"     , "meta": 2}  , "chance": 0.02},
    {"meshLevel": 2, "drop": {"name": "biomesoplenty:flower_0"     , "meta": 3}  , "chance": 0.02},
    {"meshLevel": 2, "drop": {"name": "biomesoplenty:flower_0"     , "meta": 4}  , "chance": 0.02},
    {"meshLevel": 2, "drop": {"name": "biomesoplenty:flower_0"     , "meta": 5}  , "chance": 0.02},
    {"meshLevel": 2, "drop": {"name": "biomesoplenty:flower_0"     , "meta": 6}  , "chance": 0.02},
    {"meshLevel": 2, "drop": {"name": "biomesoplenty:flower_0"     , "meta": 7}  , "chance": 0.02},
    {"meshLevel": 2, "drop": {"name": "biomesoplenty:flower_0"     , "meta": 8}  , "chance": 0.02},
    {"meshLevel": 2, "drop": {"name": "biomesoplenty:flower_0"     , "meta": 9}  , "chance": 0.02},
    {"meshLevel": 2, "drop": {"name": "biomesoplenty:flower_0"     , "meta": 10} , "chance": 0.02},
    {"meshLevel": 2, "drop": {"name": "biomesoplenty:flower_0"     , "meta": 11} , "chance": 0.02},
    {"meshLevel": 2, "drop": {"name": "biomesoplenty:flower_0"     , "meta": 12} , "chance": 0.02},
    {"meshLevel": 2, "drop": {"name": "biomesoplenty:flower_0"     , "meta": 13} , "chance": 0.02},
    {"meshLevel": 2, "drop": {"name": "biomesoplenty:flower_0"     , "meta": 14} , "chance": 0.02},
    {"meshLevel": 2, "drop": {"name": "biomesoplenty:flower_0"     , "meta": 15} , "chance": 0.02},
    {"meshLevel": 2, "drop": {"name": "biomesoplenty:flower_1"     , "meta": 0}  , "chance": 0.02},
    {"meshLevel": 2, "drop": {"name": "biomesoplenty:flower_1"     , "meta": 1}  , "chance": 0.02},
    {"meshLevel": 2, "drop": {"name": "biomesoplenty:flower_1"     , "meta": 2}  , "chance": 0.02},
    {"meshLevel": 2, "drop": {"name": "biomesoplenty:flower_1"     , "meta": 4}  , "chance": 0.02},
    {"meshLevel": 2, "drop": {"name": "biomesoplenty:flower_1"     , "meta": 5}  , "chance": 0.02},
    {"meshLevel": 2, "drop": {"name": "biomesoplenty:flower_1"     , "meta": 3}  , "chance": 0.02},
    {"meshLevel": 2, "drop": {"name": "biomesoplenty:plant_1"      , "meta": 10} , "chance": 0.02}
  ],

  "quark:turf:0": [
    {"meshLevel": 1, "drop": {"name": "rustic:wildberry_bush"      , "meta": 0}  , "chance": 0.10},
    {"meshLevel": 1, "drop": {"name": "harvestcraft:shadedgarden"  , "meta": 0}  , "chance": 0.1},
    {"meshLevel": 1, "drop": {"name": "harvestcraft:tropicalgarden", "meta": 0}  , "chance": 0.1},
    {"meshLevel": 1, "drop": {"name": "harvestcraft:windygarden"   , "meta": 0}  , "chance": 0.1},
    {"meshLevel": 1, "drop": {"name": "harvestcraft:frostgarden"   , "meta": 0}  , "chance": 0.1},
    {"meshLevel": 1, "drop": {"name": "harvestcraft:aridgarden"    , "meta": 0}  , "chance": 0.1},
    {"meshLevel": 1, "drop": {"name": "harvestcraft:soggygarden"   , "meta": 0}  , "chance": 0.1},

    {"meshLevel": 1, "drop": {"name": "biomesoplenty:plant_0"      , "meta": 0}  , "chance": 0.04},
    {"meshLevel": 1, "drop": {"name": "biomesoplenty:plant_0"      , "meta": 1}  , "chance": 0.04},
    {"meshLevel": 1, "drop": {"name": "biomesoplenty:plant_0"      , "meta": 2}  , "chance": 0.04},
    {"meshLevel": 1, "drop": {"name": "biomesoplenty:plant_0"      , "meta": 3}  , "chance": 0.04},
    {"meshLevel": 1, "drop": {"name": "biomesoplenty:plant_0"      , "meta": 4}  , "chance": 0.04},
    {"meshLevel": 1, "drop": {"name": "biomesoplenty:plant_0"      , "meta": 5}  , "chance": 0.04},
    {"meshLevel": 1, "drop": {"name": "biomesoplenty:plant_0"      , "meta": 6}  , "chance": 0.04},
    {"meshLevel": 1, "drop": {"name": "biomesoplenty:plant_0"      , "meta": 7}  , "chance": 0.04},
    {"meshLevel": 1, "drop": {"name": "biomesoplenty:plant_0"      , "meta": 8}  , "chance": 0.04},
    {"meshLevel": 1, "drop": {"name": "biomesoplenty:plant_0"      , "meta": 9}  , "chance": 0.04},
    {"meshLevel": 1, "drop": {"name": "biomesoplenty:plant_0"      , "meta": 10} , "chance": 0.04},
    {"meshLevel": 1, "drop": {"name": "biomesoplenty:plant_0"      , "meta": 11} , "chance": 0.04},
    {"meshLevel": 1, "drop": {"name": "biomesoplenty:plant_1"      , "meta": 0}  , "chance": 0.04},
    {"meshLevel": 1, "drop": {"name": "biomesoplenty:ivy"          , "meta": 0}  , "chance": 0.04},
    {"meshLevel": 1, "drop": {"name": "biomesoplenty:willow_vine"  , "meta": 0}  , "chance": 0.04}
  ],

  "rats:garbage_pile": [
    {"meshLevel": 1, "drop": {"name": "tconstruct:shard"              , "meta": 0, "nbt": "{Material:\"ma.prosperity\"}"}, "chance": 0.15},
    {"meshLevel": 1, "drop": {"name": "exnihilocreatio:item_ore_lead" , "meta": 0 } , "chance": 0.2},
    {"meshLevel": 1, "drop": {"name": "enderio:item_material"         , "meta": 28} , "chance": 1.0},
    {"meshLevel": 1, "drop": {"name": "enderio:item_material"         , "meta": 28} , "chance": 0.5}
  ],

  "ore:blockSlimeDirt": [
    {"meshLevel": 1, "drop": {"name": "tconstruct:slime_vine_purple", "meta": 0} , "chance": 0.5},
    {"meshLevel": 1, "drop": {"name": "tconstruct:slime_vine_blue"  , "meta": 0} , "chance": 0.5},
    {"meshLevel": 1, "drop": {"name": "tconstruct:slime_sapling"    , "meta": 0} , "chance": 0.9},
    {"meshLevel": 1, "drop": {"name": "tconstruct:slime_sapling"    , "meta": 1} , "chance": 0.4}
  ],

  "enderio:block_infinity:0": [
    {"meshLevel": 2, "drop": {"name": "mysticalagriculture:rock_crystal_essence", "meta": 0} , "chance": 0.1},
    {"meshLevel": 2, "drop": {"name": "mysticalagriculture:osmium_essence"      , "meta": 0} , "chance": 0.6},
    {"meshLevel": 2, "drop": {"name": "exnihilocreatio:item_ore_nickel"         , "meta": 0} , "chance": 0.9},
    {"meshLevel": 2, "drop": {"name": "jaopca:item_pieceboron"                  , "meta": 0} , "chance": 1.0},
    {"meshLevel": 2, "drop": {"name": "jaopca:item_pieceboron"                  , "meta": 0} , "chance": 0.6},
    {"meshLevel": 2, "drop": {"name": "enderio:block_infinity_fog"              , "meta": 0} , "chance": 0.5},

    {"meshLevel": 3, "drop": {"name": "mysticalagriculture:osmium_essence"      , "meta": 0} , "chance": 0.8},
    {"meshLevel": 3, "drop": {"name": "exnihilocreatio:item_ore_nickel"         , "meta": 0} , "chance": 1.0},
    {"meshLevel": 3, "drop": {"name": "exnihilocreatio:item_ore_nickel"         , "meta": 0} , "chance": 0.5},
    {"meshLevel": 3, "drop": {"name": "jaopca:item_pieceboron"                  , "meta": 0} , "chance": 1.0},
    {"meshLevel": 3, "drop": {"name": "jaopca:item_pieceboron"                  , "meta": 0} , "chance": 0.8},
    {"meshLevel": 3, "drop": {"name": "jaopca:item_piecethorium"                , "meta": 0} , "chance": 0.2},
    {"meshLevel": 3, "drop": {"name": "jaopca:item_piecelithium"                , "meta": 0} , "chance": 0.3},
    {"meshLevel": 3, "drop": {"name": "jaopca:item_piecemagnesium"              , "meta": 0} , "chance": 0.5},
    {"meshLevel": 3, "drop": {"name": "enderio:block_infinity_fog"              , "meta": 0} , "chance": 1.0},
    {"meshLevel": 3, "drop": {"name": "enderio:block_infinity_fog"              , "meta": 0} , "chance": 1.0},
    {"meshLevel": 3, "drop": {"name": "enderio:block_infinity_fog"              , "meta": 0} , "chance": 1.0},
    {"meshLevel": 3, "drop": {"name": "enderio:block_infinity_fog"              , "meta": 0} , "chance": 0.5},

    {"meshLevel": 4, "drop": {"name": "mysticalagriculture:osmium_essence"      , "meta": 0} , "chance": 1.0},
    {"meshLevel": 4, "drop": {"name": "mysticalagriculture:osmium_essence"      , "meta": 0} , "chance": 0.2},
    {"meshLevel": 4, "drop": {"name": "jaopca:item_pieceboron"                  , "meta": 0} , "chance": 1.0},
    {"meshLevel": 4, "drop": {"name": "jaopca:item_pieceboron"                  , "meta": 0} , "chance": 1.0},
    {"meshLevel": 4, "drop": {"name": "jaopca:item_piecethorium"                , "meta": 0} , "chance": 0.3},
    {"meshLevel": 4, "drop": {"name": "jaopca:item_piecelithium"                , "meta": 0} , "chance": 0.4},
    {"meshLevel": 4, "drop": {"name": "jaopca:item_piecemagnesium"              , "meta": 0} , "chance": 0.6},
    {"meshLevel": 4, "drop": {"name": "jaopca:item_piecedraconium"              , "meta": 0} , "chance": 0.3},
    {"meshLevel": 4, "drop": {"name": "exnihilocreatio:item_ore_silver"         , "meta": 0} , "chance": 0.3}
  ],

  "thaumcraft:taint_soil": [
    {"meshLevel": 2, "drop": {"name": "thaumicwonders:vishroom_spore", "meta": 0} , "chance": 1.0},
    {"meshLevel": 2, "drop": {"name": "thaumicwonders:vishroom_spore", "meta": 0} , "chance": 0.5}
  ]
}