{
  "defaults": {
    "__comment": "You can disable defaults by setting these to false. Do *NOT* try to add additional entries here. You can add additional entries in the custom section.",
    "Vanilla Seeds": true,
    "Natura Saplings": true,
    "Pams Harvestcraft Saplings": true,
    "Forestry Saplings": false,
    "Vanilla Saplings": true,
    "Bonemeal": true,
    "Animal Eggs": true,
    "Pams Harvestcraft Seeds": true,
    "Vanilla Flowers": false,
    "Vanilla Mushrooms": false,
    "BiomesOPlenty Saplings": true,
    "BiomesOPlenty Sacred Oak Sapling": false
  },
  "defaults payment": {
    "__comment": "You can define custom payment items for the default entries here.",
    "Vanilla Seeds": "1*minecraft:emerald:0",
    "Natura Saplings": "3*minecraft:emerald:0",
    "Pams Harvestcraft Saplings": "3*minecraft:emerald:0",
    "Forestry Saplings": "10*minecraft:emerald:0",
    "Vanilla Saplings": "3*minecraft:emerald:0",
    "Bonemeal": "1*minecraft:emerald:0",
    "Animal Eggs": "10*minecraft:emerald:0",
    "Pams Harvestcraft Seeds": "1*minecraft:emerald:0",
    "Vanilla Flowers": "1*minecraft:emerald:0",
    "Vanilla Mushrooms": "1*minecraft:emerald:0",
    "BiomesOPlenty Saplings": "1*minecraft:emerald:0",
    "BiomesOPlenty Sacred Oak Sapling": "1*minecraft:emerald:8"
  },
  "defaults blacklist": [
    "harvestcraft:chilipepperseeditem",
    "harvestcraft:coffeeseeditem",
    "harvestcraft:grapeseeditem",
    "harvestcraft:olive_sapling",
    "harvestcraft:tomatoseeditem",
    "harvestcraft:riceseeditem",
    "harvestcraft:beanseeditem"
  ],
  "custom entries": {
    "__comment": "You can define additional items to be sold by the Market here. Defaults can be overridden. Prefix with ! to blacklist instead.",
    "examplemod:example_item": "2*minecraft:emerald",
    "harvestcraft:queenbeeitem": "3*minecraft:emerald",
    "harvestcraft:kaleseeditem":  "1*minecraft:emerald",
    "harvestcraft:agaveseeditem": "1*minecraft:emerald",
    "harvestcraft:amaranthseeditem": "1*minecraft:emerald",
    "harvestcraft:arrowrootseeditem": "1*minecraft:emerald",
    "harvestcraft:quinoaseeditem": "1*minecraft:emerald",
    "harvestcraft:sisalseeditem": "1*minecraft:emerald",
    "harvestcraft:cassavaseeditem": "1*minecraft:emerald",
    "harvestcraft:chickpeaseeditem": "1*minecraft:emerald",
    "harvestcraft:elderberryseeditem": "1*minecraft:emerald",
    "harvestcraft:flaxseeditem": "1*minecraft:emerald",
    "harvestcraft:greengrapeseeditem": "1*minecraft:emerald",
    "harvestcraft:huckleberryseeditem": "1*minecraft:emerald",
    "harvestcraft:jicamaseeditem": "1*minecraft:emerald",
    "harvestcraft:juteseeditem": "1*minecraft:emerald",
    "harvestcraft:kenafseeditem": "1*minecraft:emerald",
    "harvestcraft:kohlrabiseeditem": "1*minecraft:emerald",
    "harvestcraft:lentilseeditem": "1*minecraft:emerald",
    "harvestcraft:milletseeditem": "1*minecraft:emerald",
    "harvestcraft:mulberryseeditem": "1*minecraft:emerald",
    "harvestcraft:taroseeditem": "1*minecraft:emerald",
    "harvestcraft:juniperberryseeditem": "1*minecraft:emerald",
    "harvestcraft:tomatilloseeditem": "1*minecraft:emerald",
    "minecraft:spawn_egg@{EntityTag: {id: \"minecraft:mooshroom\"}}": "10*minecraft:emerald",
    "minecraft:spawn_egg@{EntityTag: {id: \"quark:frog\"}}": "10*minecraft:emerald",
    "minecraft:spawn_egg@{EntityTag: {id: \"rats:rat\"}}": "30*minecraft:emerald",
    "rustic:sapling:1": "10*minecraft:emerald",
    "rustic:sapling": "10*minecraft:emerald",
    "rustic:wildberry_bush": "10*minecraft:emerald",
    "rustic:chili_pepper_seeds": "1*minecraft:emerald",
    "rustic:tomato_seeds": "1*minecraft:emerald",
    "rustic:marsh_mallow": "1*minecraft:emerald",
    "rustic:ginseng": "1*minecraft:emerald",
    "rustic:bee": "1*minecraft:emerald",
    "rustic:core_root": "1*minecraft:emerald",
    "rustic:cloudsbluff": "1*minecraft:emerald",
    "rustic:wind_thistle": "1*minecraft:emerald",
    "rustic:mooncap_mushroom": "1*minecraft:emerald",
    "rustic:horsetail": "1*minecraft:emerald",
    "rustic:deathstalk_mushroom": "1*minecraft:emerald",
    "rustic:cohosh": "1*minecraft:emerald",
    "rustic:chamomile": "1*minecraft:emerald",
    "rustic:blood_orchid": "1*minecraft:emerald",
    "rustic:aloe_vera": "1*minecraft:emerald",
    "rustic:grape_stem": "1*minecraft:emerald",
    "randomthings:beans": "1*minecraft:emerald",
    "minecraft:double_plant": "1*minecraft:emerald",
    "thaumcraft:shimmerleaf": "3*minecraft:emerald"
  },
  "defaults amount": {
    "Vanilla Seeds": 1,
    "Pams Harvestcraft Saplings": 1,
    "Forestry Saplings": 1,
    "Vanilla Saplings": 1,
    "Bonemeal": 1,
    "Animal Eggs": 1,
    "Pams Harvestcraft Seeds": 1,
    "Vanilla Flowers": 1,
    "Vanilla Mushrooms": 1,
    "BiomesOPlenty Saplings": 1,
    "BiomesOPlenty Sacred Oak Sapling": 1
  }
}
