{
  "name": "compactmachines3:betteranimalsplus_horseshoecrab",

  "target-item": "minecraft:spawn_egg",
  "target-nbt": "{EntityTag:{id:\"betteranimalsplus:horseshoecrab\"}}",

  "catalyst": "minecraft:spawn_egg",
  "catalyst-nbt": "{EntityTag:{id:\"betteranimalsplus:horseshoecrab\"}}",

  "input-types": {
    "t": { "id": "extrautils2:spike_stone", "ignore-meta": true },
    "x": { "id": "contenttweaker:conglomerate_of_life", "ignore-meta": true }
  },
  "shape": [
    [
      ["x", "t"]
    ]
  ]
}
