{
  "name": "compactmachines3:dragonforge_fire_core",

  "target-item": "iceandfire:dragonforge_fire_core_disabled",
  "target-count": 1,

  "duration": 300,
  "symmetrical": true,

  "catalyst": "iceandfire:fire_dragon_heart",

  "input-types": {
    "a": {
      "id": "iceandfire:dragonforge_fire_brick",
      "meta": 0
    },
    "b": {
      "id": "iceandfire:myrmex_desert_resin_block",
      "meta": 0
    },
    "c": {
      "id": "thermalfoundation:fluid_pyrotheum",
      "meta": 0
    },
    "d": {
      "id": "darkutils:wither_block",
      "meta": 0
    }
  },
  "shape": [
    [
      [
        "a",
        "d",
        "a"
      ],
      [
        "d",
        "b",
        "d"
      ],
      [
        "a",
        "d",
        "a"
      ]
    ],
    [
      [
        "d",
        "b",
        "d"
      ],
      [
        "b",
        "c",
        "b"
      ],
      [
        "d",
        "b",
        "d"
      ]
    ],
    [
      [
        "a",
        "d",
        "a"
      ],
      [
        "d",
        "b",
        "d"
      ],
      [
        "a",
        "d",
        "a"
      ]
    ]
  ]
}
