{
  "name": "compactmachines3:emberroot_hero",

  "target-item": "minecraft:spawn_egg",
  "target-nbt": "{EntityTag:{id:\"emberroot:hero\"}}",

  "catalyst": "minecraft:spawn_egg",
  "catalyst-nbt": "{EntityTag:{id:\"emberroot:hero\"}}",
  
  "input-types": {
    "a": { "id": "thermalfoundation:rockwool", "meta": 4 },
    "b": { "id": "rats:brain_block", "ignore-meta": true },
    "x": { "id": "contenttweaker:conglomerate_of_life", "ignore-meta": true }
  },
  "shape": [
    [
      ["x"]
    ],
    [
      ["b"]
    ],
    [
      ["a"]
    ],
    [
      ["a"]
    ]
  ]
}