{
  "name": "compactmachines3:emberroot_rainbow_golem1",

  "target-item": "minecraft:spawn_egg",
  "target-nbt": "{EntityTag:{id:\"emberroot:rainbow_golem\"}}",

  "catalyst": "minecraft:spawn_egg",
  "catalyst-nbt": "{EntityTag:{id:\"emberroot:rainbow_golem\"}}",
  
  "input-types": {
    "a": { "id": "minecraft:iron_block", "ignore-meta": true },
    "b": { "id": "thaumadditions:amber_lamp", "ignore-meta": true },
    "x": { "id": "contenttweaker:conglomerate_of_life", "ignore-meta": true }
  },
  "shape": [
    [
      ["_", "b", "_"]
    ],
    [
      ["a", "x", "a"]
    ],
    [
      ["_", "a", "_"]
    ]
  ]
}