{
  "name": "compactmachines3:emberroot_enderminy",

  "target-item": "minecraft:spawn_egg",
  "target-nbt": "{EntityTag:{id:\"emberroot:enderminy\"}}",

  "catalyst": "minecraft:spawn_egg",
  "catalyst-nbt": "{EntityTag:{id:\"emberroot:enderminy\"}}",
  
  "input-types": {
    "a": { "id": "additionalcompression:pearlender_compressed", "ignore-meta": true },
    "x": { "id": "contenttweaker:conglomerate_of_life", "ignore-meta": true }
  },
  "shape": [
    [
      ["x"]
    ],
    [
      ["a"]
    ]
  ]
}