{
  "name": "compactmachines3:iceandfire_dread_lich",

  "target-item": "minecraft:spawn_egg",
  "target-nbt": "{EntityTag:{id:\"iceandfire:dread_lich\"}}",

  "catalyst": "minecraft:spawn_egg",
  "catalyst-nbt": "{EntityTag:{id:\"iceandfire:dread_lich\"}}",
  
  "input-types": {
    "a": { "id": "minecraft:bone_block", "ignore-meta": true },
    "b": { "id": "quark:quartz_wall", "ignore-meta": true },
    "c": { "id": "appliedenergistics2:sky_stone_block", "ignore-meta": true },
    "x": { "id": "contenttweaker:conglomerate_of_life", "ignore-meta": true }
  },
  "shape": [
    [
      ["_", "_", "a", "_", "_"]
    ],
    [
      ["b", "c", "c", "c", "b"]
    ],
    [
      ["b", "c", "x", "c", "b"]
    ],
    [
      ["_", "c", "c", "c", "_"]
    ],
    [
      ["_", "b", "_", "b", "_"]
    ]
  ]
}