{
  "name": "compactmachines3:iceandfire_amphithere",

  "target-item": "minecraft:spawn_egg",
  "target-nbt": "{EntityTag:{id:\"iceandfire:amphithere\"}}",

  "catalyst": "minecraft:spawn_egg",
  "catalyst-nbt": "{EntityTag:{id:\"iceandfire:amphithere\"}}",
  
  "input-types": {
    "a": { "id": "additionalcompression:feather_compressed", "ignore-meta": true },
    "b": { "id": "actuallyadditions:block_crystal", "meta": 4 },
    "x": { "id": "contenttweaker:conglomerate_of_life", "ignore-meta": true }
  },
  "shape": [
    [
      ["_", "_", "a", "_", "_"],
      ["_", "_", "a", "_", "_"],
      ["_", "_", "a", "_", "_"],
      ["a", "a", "x", "a", "a"],
      ["_", "_", "b", "_", "_"]
    ]
  ]
}