{
  "name": "compactmachines3:iceandfire_stymphalianbird",

  "target-item": "minecraft:spawn_egg",
  "target-nbt": "{EntityTag:{id:\"iceandfire:stymphalianbird\"}}",

  "catalyst": "minecraft:spawn_egg",
  "catalyst-nbt": "{EntityTag:{id:\"iceandfire:stymphalianbird\"}}",
  
  "input-types": {
    "a": { "id": "additionalcompression:feather_compressed", "ignore-meta": true },
    "b": { "id": "thermalfoundation:storage_alloy", "meta": 3 },
    "x": { "id": "contenttweaker:conglomerate_of_life", "ignore-meta": true }
  },
  "shape": [
    [
      ["_", "a", "_"],
      ["a", "x", "a"],
      ["_", "b", "_"]
    ]
  ]
}