{
  "name": "compactmachines3:iceandfire_hippocampus",

  "target-item": "minecraft:spawn_egg",
  "target-nbt": "{EntityTag:{id:\"iceandfire:hippocampus\"}}",

  "catalyst": "minecraft:spawn_egg",
  "catalyst-nbt": "{EntityTag:{id:\"iceandfire:hippocampus\"}}",
  
  "input-types": {
    "a": { "id": "quark:prismarine_rough_wall", "ignore-meta": true },
    "b": { "id": "additionalcompression:meatfish_compressed", "ignore-meta": true },
    "c": { "id": "minecraft:prismarine", "ignore-meta": true },
    "x": { "id": "contenttweaker:conglomerate_of_life", "ignore-meta": true }
  },
  "shape": [
    [
      ["_", "c", "_"],
      ["_", "c", "_"],
      ["_", "x", "_"],
      ["a", "b", "a"]
    ]
  ]
}