{
  "name": "compactmachines3:iceandfire_seaserpent2",

  "target-item": "minecraft:spawn_egg",
  "target-nbt": "{EntityTag:{id:\"iceandfire:seaserpent\"}}",

  "catalyst": "minecraft:spawn_egg",
  "catalyst-nbt": "{EntityTag:{id:\"iceandfire:seaserpent\"}}",
  
  "input-types": {
    "a": { "id": "rats:rattrap", "ignore-meta": true },
    "b": { "id": "iceandfire:dragonforge_ice_brick", "ignore-meta": true },
    "x": { "id": "contenttweaker:conglomerate_of_life", "ignore-meta": true }
  },
  "shape": [
    [
      ["b"],
      ["b"],
      ["b"],
      ["b"],
      ["x"],
      ["a"]
    ]
  ]
}