{
  "name": "compactmachines3:machine-normal",
  "target-item": "compactmachines3:machine",
  "target-meta": 2,
  "target-count": 1,

  "duration": 480,

  "catalyst": "minecraft:ender_pearl",

  "input-types": {
    "w": { "id": "compactmachines3:wallbreakable" },
    "g": { "id": "mekanism:basicblock"}
  },

  "symmetrical": true,
  "shape": [
    [
      ["w","w","w"],
      ["w","w","w"],
      ["w","w","w"]
    ],
    [
      ["w","w","w"],
      ["w","g","w"],
      ["w","w","w"]
    ],
    [
      ["w","w","w"],
      ["w","w","w"],
      ["w","w","w"]
    ]
  ]
}