{
    "name": "exnihilocreatio:item_mesh_3",
  
    "target-item": "exnihilocreatio:item_mesh",
    "target-meta": 3,
    "target-count": 3,
  
    "duration": 800,
    "symmetrical": true,
  
    "catalyst": "extendedcrafting:material",
    "catalyst-meta": 9,
  
    "input-types": {
      "a": {
        "id": "minecraft:iron_block",
        "meta": 0
      }
    },
    "shape": [
      [
        [
          "_",
          "a",
          "_",
          "a",
          "_"
        ],
        [
          "a",
          "a",
          "a",
          "a",
          "a"
        ],
        [
          "_",
          "a",
          "_",
          "a",
          "_"
        ],
        [
          "a",
          "a",
          "a",
          "a",
          "a"
        ],
        [
          "_",
          "a",
          "_",
          "a",
          "_"
        ]
      ]
    ]
  
}