{
    "name": "compactmachines3:quark_pirate",

    "target-item": "minecraft:spawn_egg",
    "target-nbt": "{EntityTag:{id:\"quark:pirate\"}}",

    "catalyst": "minecraft:spawn_egg",
    "catalyst-nbt": "{EntityTag:{id:\"quark:pirate\"}}",

    "input-types": {
        "a": {
            "id": "minecraft:bone_block",
            "ignore-meta": true
        },
        "b": {
            "id": "minecraft:cobblestone_wall",
            "ignore-meta": true
        },
        "c": {
            "id": "additionalcompression:bone_compressed",
            "ignore-meta": true
        },
        "d": {
            "id": "minecraft:fence",
            "ignore-meta": true
        },
        "x": {
            "id": "contenttweaker:conglomerate_of_life",
            "ignore-meta": true
        }
    },
    "shape": [
        [
            [ "_", "_", "a", "_", "_" ]
        ],
        [
            [ "b", "c", "c", "c", "b" ]
        ],
        [
            [ "b", "c", "x", "c", "b" ]
        ],
        [
            [ "_", "c", "c", "c", "_" ]
        ],
        [
            [ "_", "d", "_", "d", "_" ]
        ]
    ]
}