{
  "name": "compactmachines3:quark_crab",

  "target-item": "minecraft:spawn_egg",
  "target-nbt": "{EntityTag:{id:\"quark:crab\"}}",

  "catalyst": "minecraft:spawn_egg",
  "catalyst-nbt": "{EntityTag:{id:\"quark:crab\"}}",
  
  "input-types": {
    "a": { "id": "additionalcompression:spidereye_compressed", "ignore-meta": true },
    "b": { "id": "minecraft:red_sandstone", "ignore-meta": true },
    "c": { "id": "minecraft:stone_slab2", "ignore-meta": true },
    "x": { "id": "contenttweaker:conglomerate_of_life", "ignore-meta": true }
  },
  "shape": [
    [
      ["c", "_", "_", "_", "c"],
      ["_", "c", "c", "c", "_"],
      ["c", "c", "c", "c", "c"],
      ["_", "c", "c", "c", "_"],
      ["b", "_", "a", "_", "b"],
      ["_", "_", "x", "_", "_"]
    ]
  ]
}