{
  "name": "compactmachines3:rats_illager_piper",

  "target-item": "minecraft:spawn_egg",
  "target-nbt": "{EntityTag:{id:\"rats:illager_piper\"}}",

  "catalyst": "minecraft:spawn_egg",
  "catalyst-nbt": "{EntityTag:{id:\"rats:illager_piper\"}}",
  
  "input-types": {
    "a": { "id": "minecraft:noteblock", "ignore-meta": true },
    "b": { "id": "rats:jack_o_ratern", "ignore-meta": true },
    "x": { "id": "contenttweaker:conglomerate_of_life", "ignore-meta": true }
  },
  "shape": [
    [
      ["x"]
    ],
    [
      ["b"]
    ],
    [
      ["a"]
    ],
    [
      ["a"]
    ]
  ]
}