{
  "name": "compactmachines3:rotten_egg",
  "target-item": "iceandfire:rotten_egg",
  "target-count": 1,
  
  "duration": 20,

  "catalyst": "harvestcraft:friedeggitem",

  "input-types": {
    "a": { "id": "additionalcompression:egg_compressed" },
    "b": { "id": "thaumcraft:flesh_block" }
  },

  "symmetrical": true,
  "shape": [
    [
      ["_","_","_"],
      ["_","b","_"],
      ["_","_","_"]
    ],
    [
      ["_","b","_"],
      ["b","a","b"],
      ["_","b","_"]
    ],
    [
      ["_","_","_"],
      ["_","b","_"],
      ["_","_","_"]
    ]
  ]

}