{
  "name": "compactmachines3:tower_wood",
  "target-item": "twilightforest:tower_wood",
  "target-meta": 4,
  "target-count": 27,
  
  "duration": 20,

  "catalyst": "twilightforest:cicada",

  "input-types": {
    "w": { "id": "twilightforest:tower_wood" }
  },

  "symmetrical": true,
  "shape": [
    [
      ["w","w","w"],
      ["w","w","w"],
      ["w","w","w"]
    ],
    [
      ["w","w","w"],
      ["w","w","w"],
      ["w","w","w"]
    ],
    [
      ["w","w","w"],
      ["w","w","w"],
      ["w","w","w"]
    ]
  ]

}