{
  "name": "compactmachines3:thaumcraft_cultistportalgreater",

  "target-item": "minecraft:spawn_egg",
  "target-nbt": "{EntityTag:{id:\"thaumcraft:cultistportalgreater\"}}",

  "catalyst": "minecraft:spawn_egg",
  "catalyst-nbt": "{EntityTag:{id:\"thaumcraft:cultistportalgreater\"}}",

  "input-types": {
    "a": { "id": "thaumicaugmentation:starfield_glass", "ignore-meta": true },
    "f": { "id": "thaumcraft:banner_red", "ignore-meta": true },
    "x": { "id": "contenttweaker:conglomerate_of_life", "ignore-meta": true },
    "o": { "id": "thaumadditions:mithminite_block", "ignore-meta": true }
  },
  "shape": [
    [
      ["_", "_", "_", "_", "_", "_", "_", "_", "_", "_", "_", "_", "_"],
      ["_", "_", "_", "_", "_", "_", "_", "_", "_", "_", "_", "_", "_"],
      ["_", "_", "_", "_", "_", "_", "_", "_", "_", "_", "_", "_", "_"],
      ["_", "_", "_", "_", "_", "_", "_", "_", "_", "_", "_", "_", "_"],
      ["_", "_", "_", "_", "_", "_", "_", "_", "_", "_", "_", "_", "_"],
      ["_", "_", "_", "_", "_", "_", "_", "_", "_", "_", "_", "_", "_"],
      ["_", "_", "_", "_", "_", "_", "x", "_", "_", "_", "_", "_", "_"],
      ["_", "_", "_", "_", "_", "_", "_", "_", "_", "_", "_", "_", "_"],
      ["_", "_", "_", "_", "_", "_", "_", "_", "_", "_", "_", "_", "_"],
      ["_", "_", "_", "_", "_", "_", "_", "_", "_", "_", "_", "_", "_"],
      ["_", "_", "_", "_", "_", "_", "_", "_", "_", "_", "_", "_", "_"],
      ["_", "_", "_", "_", "_", "_", "_", "_", "_", "_", "_", "_", "_"],
      ["_", "_", "_", "_", "_", "_", "_", "_", "_", "_", "_", "_", "_"]
    ],
    [
      ["_", "_", "_", "_", "_", "_", "f", "_", "_", "_", "_", "_", "_"],
      ["_", "_", "_", "_", "_", "_", "_", "_", "_", "_", "_", "_", "_"],
      ["_", "_", "_", "_", "_", "_", "_", "_", "_", "_", "_", "_", "_"],
      ["_", "_", "_", "_", "_", "_", "_", "_", "_", "_", "_", "_", "_"],
      ["_", "_", "_", "_", "_", "_", "_", "_", "_", "_", "_", "_", "_"],
      ["_", "_", "_", "_", "_", "a", "a", "a", "_", "_", "_", "_", "_"],
      ["f", "_", "_", "_", "_", "a", "o", "a", "_", "_", "_", "_", "f"],
      ["_", "_", "_", "_", "_", "a", "a", "a", "_", "_", "_", "_", "_"],
      ["_", "_", "_", "_", "_", "_", "_", "_", "_", "_", "_", "_", "_"],
      ["_", "_", "_", "_", "_", "_", "_", "_", "_", "_", "_", "_", "_"],
      ["_", "_", "_", "_", "_", "_", "_", "_", "_", "_", "_", "_", "_"],
      ["_", "_", "_", "_", "_", "_", "_", "_", "_", "_", "_", "_", "_"],
      ["_", "_", "_", "_", "_", "_", "f", "_", "_", "_", "_", "_", "_"]
    ]
  ]
}
