{
  "name": "compactmachines3:twilightforest_quest_ram",

  "target-item": "minecraft:spawn_egg",
  "target-nbt": "{EntityTag:{id:\"twilightforest:quest_ram\"}}",

  "catalyst": "minecraft:spawn_egg",
  "catalyst-nbt": "{EntityTag:{id:\"twilightforest:quest_ram\"}}",

  "input-types": {
    "c": { "id": "twilightforest:cicada", "ignore-meta": true },
    "w": { "id": "contenttweaker:compressed_string", "ignore-meta": true },
    "x": { "id": "contenttweaker:conglomerate_of_life", "ignore-meta": true }
  },
  "shape": [
    [
      ["c", "w", "_", "_"]
    ],
    [
      ["_", "x", "w", "w"]
    ],
    [
      ["_", "w", "_", "w"]
    ]
  ]
}
