{"stat.craftItem.immersiveengineering.stone_decoration":212,"stat.mineBlock.ic2.sapling":8,"stat.pickup.mekanism.machineblock2":1,"stat.killEntity.betteranimalsplus.goat":2,"stat.pickup.extrautils2.redorchid":4,"stat.pickup.harvestcraft.snapperrawitem":2,"stat.drop.minecraft.redstone":20,"stat.useItem.harvestcraft.figjellysandwichitem":7,"stat.useItem.thaumcraft.salis_mundus":2,"stat.pickup.tconstruct.faucet":3,"stat.mineBlock.minecraft.web":32,"stat.craftItem.tconstruct.mattock":21,"stat.craftItem.extrautils2.endershard":16,"stat.craftItem.colossalchests.uncolossal_chest":8,"stat.pickup.minecraft.rotten_flesh":62,"stat.pickup.claybucket.unfiredclaybucket":2,"stat.killEntity.Enderman":5,"stat.useItem.harvestcraft.pomegranatejellysandwichitem":17,"stat.pickup.thaumcraft.nitor_yellow":42,"stat.pickup.biomesoplenty.mushroom":5,"stat.mineBlock.extrautils2.redorchid":2,"stat.pickup.integrateddynamics.menril_berries":7,"stat.pickup.forestry.sturdy_machine":6,"stat.craftItem.excompressum.bait":7,"stat.mineBlock.minecraft.end_stone":25,"stat.useItem.tconstruct.slime_sapling":1,"stat.pickup.quark.tallow":2,"stat.craftItem.forestry.sturdy_machine":6,"stat.craftItem.extrautils2.machine":3,"stat.pickup.minecraft.stained_hardened_clay":2,"stat.pickup.minecraft.double_plant":5,"stat.useItem.harvestcraft.starfruitjellysandwichitem":5,"stat.pickup.vaultopic.view_small":1,"stat.pickup.appliedenergistics2.sky_stone_block":1329,"stat.craftItem.minecraft.glass_pane":32,"stat.mineBlock.chisel.marble2":5,"stat.furnaceInteraction":258,"stat.craftItem.vaultopic.view_small":2,"stat.pickup.minecraft.nether_brick":9,"stat.craftItem.thaumcraft.thaumometer":3,"stat.mineBlock.immersiveengineering.wooden_device0":6,"stat.pickup.minecraft.hay_block":4,"stat.pickup.deepmoblearning.living_matter_overworldian":8,"stat.pickup.randomthings.slimecube":6,"stat.useItem.rustic.wildberries":1,"stat.mineBlock.tconstruct.ore":31,"stat.useItem.minecraft.flint_and_steel":4,"stat.pickup.thaumcraft.crystal_essence":552,"stat.useItem.biomesoplenty.flower_1":1,"stat.mineBlock.astralsorcery.blockmarble":122,"stat.killEntity.Husk":5,"stat.pickup.minecraft.emerald":21,"stat.pickup.minecraft.lever":2,"stat.deaths":13,"stat.useItem.ic2.treetap":20,"stat.pickup.minecraft.egg":15,"stat.pickup.minecraft.glass_pane":13,"stat.craftItem.minecraft.cooked_mutton":4,"stat.chestOpened":1535,"stat.useItem.ic2.cable":8,"stat.pickup.botania.mushroom":1,"stat.pickup.thaumcraft.log_silverwood":76,"stat.killEntity.Vex":2,"stat.pickup.minecraft.gold_nugget":14,"stat.useItem.endreborn.block_entropy_end_stone":5,"stat.mineBlock.quark.monster_box":1,"stat.pickup.minecraft.carrot":3,"stat.useItem.spiceoflife.lunchbag":3,"stat.crouchOneCm":26974,"stat.craftItem.ic2.cable":110,"stat.pickup.minecraft.rail":1,"stat.craftItem.minecraft.iron_ingot":87,"stat.craftingTableInteraction":11,"stat.craftItem.extrautils2.decorativesolid":4,"stat.drop.thermalfoundation.ore":2,"stat.craftItem.forestry.apiary":1,"stat.mineBlock.tconstruct.rack":4,"stat.drop.quark.tallow":2,"stat.craftItem.tconstruct.pattern":8,"stat.mineBlock.minecraft.log2":5,"stat.mineBlock.biomesoplenty.plant_1":3,"stat.mineBlock.biomesoplenty.plant_0":410,"stat.pickup.immersiveengineering.stone_decoration":18,"stat.pickup.minecraft.dye":532,"stat.pickup.minecraft.planks":2,"stat.pickup.biomesoplenty.plant_1":4,"stat.pickup.iceandfire.cyclops_eye":1,"stat.pickup.biomesoplenty.waterlily":1,"stat.craftItem.immersiveengineering.sheetmetal":8,"stat.pickup.tconstruct.pattern":1,"stat.mineBlock.biomesoplenty.leaves_2":125,"stat.mineBlock.biomesoplenty.leaves_5":2,"stat.useItem.rats.rat_cage":1,"stat.drop.minecraft.rotten_flesh":2,"stat.useItem.ic2.wrench_new":5,"stat.pickup.minecraft.magma":146,"stat.pickup.tconstruct.pickaxe":3,"stat.mineBlock.thaumcraft.crystal_aer":102,"stat.craftItem.integrateddynamics.drying_basin":2,"stat.drop.minecraft.iron_ore":4,"stat.mineBlock.thaumcraft.crystal_terra":134,"stat.drop.minecraft.sapling":1,"stat.pickup.minecraft.chicken":2,"stat.drop.minecraft.gold_nugget":4,"stat.pickup.minecraft.end_stone":24,"stat.drop.minecraft.fish":1,"stat.craftItem.minecraft.planks":460,"stat.pickup.biomesoplenty.berries":6,"stat.craftItem.minecraft.fishing_rod":4,"stat.pickup.minecraft.book":3,"stat.useItem.minecraft.stonebrick":3,"stat.craftItem.tconstruct.seared_slab":18,"stat.craftItem.minecraft.log":153,"stat.useItem.carryon.entity_item":17,"stat.craftItem.ic2.re_battery":2,"stat.useItem.biomesoplenty.dirt":301,"stat.craftItem.minecraft.cobblestone":729,"stat.pickup.thaumcraft.log_greatwood":83,"stat.pickup.minecraft.tripwire_hook":1,"stat.mineBlock.minecraft.cobblestone":102,"stat.pickup.minecraft.flint":20,"stat.pickup.minecraft.leather_chestplate":1,"stat.pickup.biomesoplenty.pine_door":3,"stat.drop.minecraft.cobblestone":64,"stat.mineBlock.rats.rat_cage":4,"stat.pickup.integrateddynamics.drying_basin":1,"stat.mineBlock.minecraft.dropper":2,"stat.useItem.minecraft.stone_slab2":314,"stat.pickup.actuallyadditions.block_giant_chest":6,"stat.craftItem.minecraft.furnace":3,"stat.craftItem.additionalcompression.logwood_compressed":90,"stat.pickup.thermalfoundation.ore":751,"stat.craftItem.spiceoflife.lunchbag":2,"stat.killEntity.Firebat":3,"stat.pickup.quark.black_ash":3,"stat.mineBlock.minecraft.clay":146,"stat.useItem.minecraft.brick_block":2,"stat.pickup.cyclicmagic.storage_bag":1,"stat.useItem.rustic.cabinet":8,"stat.useItem.harvestcraft.honeysandwichitem":5,"stat.useItem.minecraft.wooden_slab":2,"stat.drop.minecraft.spider_eye":2,"stat.craftItem.minecraft.iron_block":2,"stat.craftItem.minecraft.stonebrick":12,"stat.pickup.actuallyadditions.block_crystal":1,"stat.useItem.tconstruct.rack":3,"stat.killEntity.Creeper":20,"stat.killEntity.Squid":12,"stat.pickup.harvestcraft.bassrawitem":1,"stat.sprintOneCm":2288120,"stat.killEntity.betteranimalsplus.pheasant":1,"stat.mineBlock.minecraft.stone_slab":9,"stat.mineBlock.biomesoplenty.flower_0":107,"stat.pickup.immersiveengineering.tool":3,"stat.mineBlock.biomesoplenty.grass":375,"stat.useItem.carryon.tile_item":6,"stat.craftItem.scannable.module_blank":2,"stat.drop.claybucket.unfiredclaybucket":3,"stat.killEntity.Zombie":100,"stat.craftItem.minecraft.dye":185,"stat.mineBlock.minecraft.gold_ore":124,"stat.craftItem.minecraft.slime_ball":124,"stat.craftItem.minecraft.sandstone":51,"stat.mineBlock.astralsorcery.blockmarblestairs":1,"stat.craftItem.minecraft.cooked_porkchop":3,"stat.craftItem.thaumcraft.salis_mundus":5,"stat.mineBlock.immersiveengineering.stone_device":2,"stat.craftItem.quark.slime_bucket":1,"stat.pickup.minecraft.obsidian":158,"stat.craftItem.rustic.cabinet":6,"stat.useItem.immersiveengineering.stone_decoration":185,"stat.pickup.minecraft.coal":436,"stat.pickup.minecraft.iron_ingot":11,"stat.craftItem.minecraft.lever":7,"stat.pickup.minecraft.gunpowder":16,"stat.pickup.minecraft.dirt":842,"stat.mineBlock.minecraft.lapis_ore":59,"stat.mineBlock.minecraft.torch":15,"stat.mineBlock.minecraft.red_flower":62,"stat.drop.biomesoplenty.plant_1":1,"stat.craftItem.extrautils2.compressedsand":21,"stat.useItem.biomesoplenty.log_2":4,"stat.craftItem.tconstruct.smeltery_io":5,"stat.useItem.minecraft.lava_bucket":1,"stat.mineBlock.biomesoplenty.planks_0":1,"stat.drop.minecraft.netherrack":51,"stat.craftItem.minecraft.wheat":36,"stat.drop.biomesoplenty.sapling_1":3,"stat.pickup.actuallyadditions.item_coffee_beans":3,"stat.drop.minecraft.nether_brick":2,"stat.useItem.tconstruct.slime_vine_blue":6,"stat.mineBlock.chisel.netherbrick":1,"stat.pickup.ic2.cable":2,"stat.mineBlock.tconstruct.seared_slab":9,"stat.killEntity.betteranimalsplus.lamprey":4,"stat.mobKills":341,"stat.mineBlock.minecraft.bookshelf":1,"stat.drop.minecraft.written_book":1,"stat.pickup.minecraft.diamond":111,"stat.drop.biomesoplenty.dirt":16,"stat.pickup.ftbquests.lootcrate":6,"stat.pickup.thaumcraft.brain":9,"stat.pickup.astralsorcery.blockmarble":75,"stat.drop.harvestcraft.snapperrawitem":2,"stat.killEntity.Blaze":6,"stat.mineBlock.harvestcraft.watertrap":1,"stat.mineBlock.ic2.rubber_wood":65,"stat.craftItem.teslacorelib.machine_case":1,"stat.drop.tconstruct.pickaxe":1,"stat.pickup.minecraft.glowstone_dust":26,"stat.mineBlock.immersiveengineering.ore":6,"stat.craftItem.actuallyadditions.block_atomic_reconstructor":1,"stat.useItem.harvestcraft.calamarirawitem":2,"stat.craftItem.ic2.advanced_re_battery":3,"stat.craftItem.actuallyadditions.block_misc":2,"stat.drop.enderio.item_broken_spawner":1,"stat.craftItem.tconstruct.casting":6,"stat.mineBlock.minecraft.sand":682,"stat.pickup.tconstruct.stone_ladder":9,"stat.hopperInspected":6,"stat.pickup.tconstruct.slime_sapling":3,"stat.mineBlock.thaumcraft.log_silverwood":76,"stat.craftItem.mysticalagriculture.inferium_apple":0,"stat.drop.thaumcraft.thaumonomicon":1,"stat.drop.thaumcraft.curio":2,"stat.drop.astralsorcery.blockmarblestairs":1,"stat.useItem.rustic.ginseng":4,"stat.craftItem.industrialwires.ic2_wire_coil":1,"stat.pickup.harvestcraft.oysterrawitem":6,"stat.craftItem.thermalfoundation.material":68,"stat.craftItem.forestry.still":1,"stat.drop.biomesoplenty.planks_0":2,"stat.pickup.thaumcraft.salis_mundus":2,"stat.pickup.minecraft.stone_stairs":3,"stat.useItem.ic2.sapling":20,"stat.pickup.thaumcraft.nugget":515,"stat.pickup.tconstruct.slime_dirt":25,"stat.craftItem.immersiveengineering.material":54,"stat.mineBlock.minecraft.soul_sand":8,"stat.pickup.harvestcraft.tilapiarawitem":1,"stat.pickup.minecraft.blaze_rod":7,"stat.useItem.immersiveengineering.wooden_device0":6,"stat.mineBlock.actuallyadditions.block_wild":2,"stat.pickup.minecraft.netherrack":541,"stat.killEntity.illager_piper":1,"stat.useItem.ic2.drill":40,"stat.pickup.tconstruct.casting":2,"stat.craftItem.minecraft.flint":3,"stat.pickup.thaumcraft.sapling_greatwood":2,"stat.craftItem.biomesoplenty.planks_0":274,"stat.craftItem.tconstruct.wooden_hopper":1,"stat.pickup.nuclearcraft.ore":4,"stat.mineBlock.rustic.horsetail":1,"stat.craftItem.tconstruct.toolforge":1,"stat.pickup.minecraft.dropper":2,"stat.useItem.cyclicmagic.inventory_food":1,"stat.dropperInspected":4,"stat.useItem.mekanism.energyupgrade":7,"stat.useItem.minecraft.furnace":12,"stat.craftItem.tconstruct.materials":336,"stat.pickup.randomthings.ingredient":16,"stat.mineBlock.minecraft.gravel":217,"stat.mineBlock.sonarcore.reinforcedstonebrickfence":53,"stat.pickup.minecraft.flint_and_steel":1,"stat.useItem.minecraft.torch":32,"stat.craftItem.minecraft.redstone_block":150,"stat.pickup.tconstruct.rapier":1,"stat.craftItem.minecraft.stone_stairs":8,"stat.useItem.minecraft.log":3,"stat.pickup.biomesoplenty.coral":4,"stat.craftItem.minecraft.crafting_table":3,"stat.entityKilledBy.Firebat":1,"stat.pickup.rats.rat_flute":1,"stat.pickup.excompressum.bait":8,"stat.mineBlock.minecraft.emerald_ore":14,"stat.drop.minecraft.stonebrick":1,"stat.craftItem.minecraft.stone_button":16,"stat.killEntity.betteranimalsplus.coyote":1,"stat.pickup.plustic.osmiridiumingot":1,"stat.pickup.minecraft.web":7,"stat.pickup.minecraft.sapling":20,"stat.craftItem.astralsorcery.blockaltar":1,"stat.killEntity.betteranimalsplus.nautilus":3,"stat.mineBlock.tconstruct.slime_grass":6,"stat.killEntity.WitherSkeleton":1,"stat.useItem.minecraft.wooden_pressure_plate":1,"stat.pickup.ic2.sapling":26,"stat.pickup.minecraft.stone_slab":2,"stat.pickup.minecraft.yellow_flower":18,"stat.useItem.minecraft.fishing_rod":11,"stat.mineBlock.integrateddynamics.menril_log_filled":4,"stat.pickup.minecraft.bone":44,"stat.horseOneCm":2871,"stat.drop.minecraft.glowstone_dust":4,"stat.pickup.immersiveengineering.wooden_device0":6,"stat.craftItem.thaumcraft.goggles":1,"stat.craftItem.extrautils2.glasscutter":2,"stat.pickup.rats.rat_pelt":5,"stat.pickup.rustic.ginseng":6,"stat.climbOneCm":227281,"stat.pickup.rats.garbage_pile":27,"stat.craftItem.mctsmelteryio.machine":4,"stat.pickup.minecraft.anvil":1,"stat.useItem.minecraft.iron_ore":1,"stat.craftItem.minecraft.quartz":31,"stat.craftItem.minecraft.trapdoor":6,"stat.pickup.rustic.cohosh":5,"stat.pickup.netherendingores.ore_nether_vanilla":101,"stat.pickup.minecraft.cobblestone":600,"stat.useItem.appliedenergistics2.sky_stone_block":10,"stat.mineBlock.integrateddynamics.drying_basin":1,"stat.pickup.minecraft.soul_sand":16,"stat.craftItem.cyclicmagic.storage_bag":4,"stat.craftItem.ic2.ingot":2,"stat.pickup.minecraft.cactus":7,"stat.pickup.endreborn.food_ender_flesh":5,"stat.useItem.harvestcraft.pearjellysandwichitem":6,"stat.pickup.minecraft.redstone":1494,"stat.mineBlock.minecraft.iron_ore":326,"stat.craftItem.minecraft.book":48,"stat.pickup.spiceoflife.lunchbag":1,"stat.drop.minecraft.coal":4,"stat.mineBlock.thermalfoundation.ore":917,"stat.drop.minecraft.dirt":3,"stat.pickup.rustic.sapling":13,"stat.craftItem.tconstruct.soil":264,"stat.mineBlock.tconstruct.stone_ladder":9,"stat.craftItem.ic2.casing":52,"stat.pickup.minecraft.sandstone_stairs":1,"stat.mineBlock.rustic.cabinet":9,"stat.mineBlock.randomthings.slimecube":5,"stat.pickup.thaumcraft.ingot":16,"stat.useItem.tconstruct.slime_dirt":1,"stat.craftItem.minecraft.stick":192,"stat.pickup.cyclicmagic.tool_warp_home":1,"stat.craftItem.minecraft.gold_nugget":27,"stat.useItem.harvestcraft.bassrawitem":1,"stat.craftItem.minecraft.clay_ball":32,"stat.entityKilledBy.Creeper":1,"stat.pickup.botania.flower":9,"stat.mineBlock.minecraft.planks":6,"stat.drop":247,"stat.killEntity.cyclops":1,"stat.craftItem.actuallyadditions.item_misc":2,"stat.killEntity.Sheep":3,"stat.useItem.tconstruct.seared":185,"stat.pickup.akashictome.tome":1,"stat.pickup.rustic.wildberry_bush":1,"stat.useItem.immersiveengineering.tool":9,"stat.killEntity.Slime":15,"stat.mineBlock.minecraft.anvil":1,"stat.useItem.minecraft.apple":6,"stat.mineBlock.minecraft.deadbush":3,"stat.useItem.minecraft.porkchop":1,"stat.pickup.tconstruct.sharpening_kit":2,"stat.craftItem.tconstruct.shovel":2,"stat.craftItem.ic2.forge_hammer":2,"stat.drop.biomesoplenty.mushroom":2,"stat.pickup.actuallyadditions.block_misc":10,"stat.pickup.actuallyadditions.item_coffee_seed":1,"stat.mineBlock.tconstruct.tooltables":27,"stat.mineBlock.minecraft.stone_stairs":3,"stat.craftItem.minecraft.iron_bars":16,"stat.mineBlock.minecraft.furnace":43,"stat.craftItem.harvestcraft.fishtrapbaititem":8,"stat.killEntity.CaveSpider":11,"stat.craftItem.minecraft.netherbrick":148,"stat.damageDealt":63051,"stat.craftItem.minecraft.bowl":8,"stat.craftItem.minecraft.anvil":1,"stat.killEntity.if_pixie":2,"stat.pickup.actuallyadditions.item_canola_seed":2,"stat.mineBlock.harvestcraft.pamspiderweb":1,"stat.craftItem.claybucket.unfiredclaybucket":2,"stat.craftItem.minecraft.stone_shovel":20,"stat.mineBlock.thaumcraft.nitor_yellow":1,"stat.pickup.minecraft.stick":20,"stat.craftItem.exnihilocreatio.item_material":198,"stat.useItem.tconstruct.seared_slab":9,"stat.pickup.mekanism.oreblock":131,"stat.pickup.biomesoplenty.sapling_1":154,"stat.pickup.biomesoplenty.sapling_2":2,"stat.craftItem.scannable.module_block":2,"stat.useItem.harvestcraft.pumpkinbreaditem":23,"stat.pickup.biomesoplenty.mudball":48,"stat.craftItem.minecraft.redstone":108,"stat.pickup.actuallyadditions.item_crafter_on_a_stick":2,"stat.mineBlock.thaumcraft.crystal_ignis":105,"stat.craftItem.ic2.crafting":14,"stat.pickup.thaumcraft.ore_cinnabar":6,"stat.killEntity.Chicken":14,"stat.useItem.harvestcraft.beefwellingtonitem":2,"stat.mineBlock.minecraft.quartz_ore":108,"stat.craftItem.forestry.squeezer":1,"stat.pickup.harvestcraft.watertrap":1,"stat.mineBlock.minecraft.leaves":8,"stat.mineBlock.minecraft.piston":11,"stat.mineBlock.tconstruct.seared":62,"stat.mineBlock.minecraft.hay_block":4,"stat.pickup.minecraft.wooden_slab":3,"stat.pickup.randomthings.flootoken":9,"stat.leaveGame":27,"stat.pickup.rats.token_fragment":2,"stat.pickup.tconstruct.edible":1,"stat.mineBlock.rustic.leaves":160,"stat.mineBlock.minecraft.sandstone":52,"stat.killEntity.PigZombie":6,"stat.drop.minecraft.feather":4,"stat.entityKilledBy.PigZombie":2,"stat.pickup.harvestcraft.calamarirawitem":67,"stat.pickup.rustic.cloudsbluff":8,"stat.pickup.exnihilocreatio.block_dust":64,"stat.drop.biomesoplenty.gem":4,"stat.pickup.iceandfire.witherbone":1,"stat.pickup.enderio.item_broken_spawner":6,"stat.pickup.integrateddynamics.menril_sapling":3,"stat.mineBlock.rustic.log":18,"stat.killEntity.Witch":2,"stat.drop.minecraft.sand":47,"stat.mineBlock.thaumadditions.thaumic_lectern":2,"stat.drop.minecraft.gold_ingot":70,"stat.pickup.thermalexpansion.satchel":1,"stat.useItem.actuallyadditions.block_giant_chest":2,"stat.mineBlock.minecraft.vine":1,"stat.mineBlock.minecraft.hopper":5,"stat.pickup.thermalfoundation.material":58,"stat.pickup.rustic.wildberries":1,"stat.drop.minecraft.gravel":1,"stat.drop.actuallyadditions.item_hairy_ball":2,"stat.pickup.harvestcraft.cherryitem":4,"stat.mineBlock.minecraft.rail":1,"stat.mineBlock.botania.flower":9,"stat.craftItem.ic2.te":8,"stat.killEntity.ZombieVillager":1,"stat.useItem.biomesoplenty.mushroom":1,"stat.craftItem.extrautils2.decorativesolidwood":28,"stat.pickup.harvestcraft.grouperrawitem":1,"stat.pickup.endreborn.dragon_essence":2,"stat.pickup.omniwand.wand":8,"stat.pickup.minecraft.cauldron":5,"stat.mineBlock.minecraft.stained_hardened_clay":2,"stat.pickup.thaumictinkerer.kamiresource":2,"stat.pickup.biomesoplenty.flower_0":13,"stat.craftItem.vaultopic.vault_searcher":4,"stat.useItem.harvestcraft.grouperrawitem":1,"stat.drop.harvestcraft.freshwateritem":16,"stat.pickup.ic2.misc_resource":56,"stat.pickup.rustic.olives":45,"stat.mineBlock.ic2.leaves":94,"stat.useItem.minecraft.dye":24,"stat.useItem.harvestcraft.kiwijellysandwichitem":5,"stat.mineBlock.minecraft.stone_pressure_plate":1,"stat.useItem.minecraft.nether_brick":5,"stat.pickup.astralsorcery.blockmarblestairs":1,"stat.drop.minecraft.torch":9,"stat.useItem.tcomplement.sledge_hammer":123,"stat.pickup.chisel.marble2":4,"stat.mineBlock.minecraft.tallgrass":151,"stat.pickup.tconstruct.seared":62,"stat.mineBlock.mekanism.machineblock2":1,"stat.pickup.tconstruct.broad_axe_head":1,"stat.pickup.immersiveengineering.material":23,"stat.pickup.minecraft.arrow":48,"stat.craftItem.mekanism.machineblock":1,"stat.pickup.tconstruct.cast_custom":3,"stat.pickup.chisel.basalt2":113,"stat.mineBlock.minecraft.chest":10,"stat.pickup.tconstruct.slime_vine_blue":18,"stat.useItem.biomesoplenty.plant_1":4,"stat.useItem.tconstruct.stone_ladder":9,"stat.mineBlock.biomesoplenty.mud":12,"stat.craftItem.minecraft.nether_brick":5,"stat.pickup.minecraft.wheat_seeds":28,"stat.mineBlock.minecraft.dirt":838,"stat.craftItem.actuallyadditions.item_drill":1,"stat.drop.actuallyadditions.item_crafter_on_a_stick":2,"stat.craftItem.opencomputers.material":8,"stat.useItem.minecraft.bread":1,"stat.craftItem.forestry.centrifuge":1,"stat.drop.tconstruct.rapier":1,"stat.mineBlock.thaumcraft.arcane_workbench":3,"stat.useItem.minecraft.cobblestone":333,"stat.useItem.minecraft.gravel":10,"stat.mineBlock.minecraft.double_plant":7,"stat.craftItem.exnihilocreatio.block_sieve":2,"stat.useItem.tconstruct.pickaxe":6847,"stat.craftItem.minecraft.gold_ingot":9,"stat.pickup.minecraft.hopper":5,"stat.craftItem.quark.custom_bookshelf":10,"stat.craftItem.immersiveengineering.tool":1,"stat.drop.thaumcraft.nugget":743,"stat.craftItem.minecraft.web":16,"stat.mineBlock.thaumcraft.crystal_ordo":170,"stat.mineBlock.integrateddynamics.menril_log":25,"stat.mineBlock.minecraft.log":64,"stat.useItem.rustic.sapling":5,"stat.craftItem.opencomputers.case1":1,"stat.pickup.forestry.squeezer":1,"stat.craftItem.minecraft.paper":126,"stat.pickup.biomesoplenty.dirt":556,"stat.pickup.minecraft.red_flower":46,"stat.pickup.minecraft.wool":6,"stat.pickup.exnihilocreatio.block_sieve":2,"stat.craftItem.thaumcraft.plank_greatwood":4,"stat.mineBlock.thaumcraft.ore_cinnabar":6,"stat.craftItem.extrautils2.itembuilderswand":1,"stat.craftItem.tconstruct.broadsword":3,"stat.drop.minecraft.stone_shovel":5,"stat.entityKilledBy.betteranimalsplus.shark":1,"stat.useItem.tconstruct.mattock":2428,"stat.mineBlock.minecraft.yellow_flower":31,"stat.pickup.tconstruct.excavator_head":1,"stat.mineBlock.appliedenergistics2.quartz_ore":14,"stat.mineBlock.actuallyadditions.block_crystal":1,"stat.mineBlock.thaumcraft.ore_amber":16,"stat.useItem.harvestcraft.apricotjellysandwichitem":14,"stat.craftItem.forestry.fabricator":1,"stat.useItem.minecraft.obsidian":24,"stat.pickup.minecraft.bow":3,"stat.useItem.minecraft.egg":8,"stat.mineBlock.minecraft.obsidian":158,"stat.flyOneCm":1940864,"stat.pickup.minecraft.sandstone":44,"stat.drop.tombmanygraves.death_list":8,"stat.timeSinceDeath":31479,"stat.pickup.thaumcraft.arcane_workbench":3,"stat.craftItem.immersiveengineering.treated_wood":64,"stat.killEntity.Bat":6,"stat.mineBlock.excompressum.bait":1,"stat.craftItem.tconstruct.seared":129,"stat.pickup.minecraft.nether_wart":20,"stat.mineBlock.minecraft.coal_ore":205,"stat.pickup.minecraft.shield":1,"stat.talkedToVillager":9,"stat.pickup.extrautils2.ingredients":35,"stat.craftItem.minecraft.stone_hoe":1,"stat.mineBlock.minecraft.red_mushroom_block":1,"stat.pickup.minecraft.string":51,"stat.craftItem.biomesoplenty.biome_finder":1,"stat.useItem.harvestcraft.cranberryjellysandwichitem":10,"stat.useItem.minecraft.written_book":3,"stat.craftItem.tconstruct.tooltables":9,"stat.pickup.rats.plastic_waste":21,"stat.mineBlock.netherendingores.ore_nether_modded_1":44,"stat.mineBlock.rustic.wildberry_bush":1,"stat.craftItem.tconstruct.ingots":36,"stat.mineBlock.minecraft.diamond_ore":80,"stat.mineBlock.biomesoplenty.mushroom":3,"stat.craftItem.minecraft.wooden_pressure_plate":2,"stat.useItem.tconstruct.seared_tank":1,"stat.craftItem.minecraft.fish":20,"stat.mineBlock.forestry.squeezer":1,"stat.pickup.mekanism.configurator":1,"stat.craftItem.immersiveengineering.wirecoil":12,"stat.pickup.tconstruct.ore":31,"stat.useItem.minecraft.ladder":4,"stat.pickup.thaumcraft.sapling_silverwood":3,"stat.pickup.ic2.leaves":230,"stat.diveOneCm":191538,"stat.mineBlock.biomesoplenty.coral":9,"stat.pickup.tconstruct.tooltables":28,"stat.craftItem.ic2.cutter":1,"stat.pickup.extrautils2.machine":1,"stat.craftItem.minecraft.ladder":27,"stat.useItem.excompressum.bait":1,"stat.useItem.quark.slime_bucket":3,"stat.drop.minecraft.ladder":5,"stat.craftItem.ftbquests.lootcrate":6,"stat.pickup.tombmanygraves.death_list":4,"stat.pickup.ic2.te":17,"stat.useItem.minecraft.rotten_flesh":1,"stat.jump":9194,"stat.useItem.minecraft.sand":151,"stat.mineBlock.mctsmelteryio.machine":8,"stat.useItem.biomesoplenty.pine_door":4,"stat.mineBlock.nuclearcraft.water_source":1,"stat.craftItem.minecraft.torch":52,"stat.pickup.minecraft.stone_shovel":15,"stat.pickup.rustic.log":14,"stat.useItem.minecraft.sapling":6,"stat.pickup.minecraft.gold_ore":123,"stat.damageTaken":21215,"stat.mineBlock.minecraft.sandstone_stairs":2,"stat.pickup.minecraft.log2":5,"stat.pickup.ic2.rubber_wood":66,"stat.pickup.minecraft.bed":6,"stat.pickup.tconstruct.ingots":10,"stat.useItem.forge.bucketfilled":19,"stat.pickup.minecraft.potato":1,"stat.entityKilledBy.Zombie":2,"stat.drop.rustic.ginseng":2,"stat.craftItem.forestry.engine_generator":1,"stat.useItem.tconstruct.shovel":152,"stat.animalsBred":2,"stat.useItem.minecraft.chest":11,"stat.pickup.vaultopic.vice":1,"stat.craftItem.scannable.scanner":1,"stat.useItem.mctsmelteryio.machine":2,"stat.pickup.quark.fire_stone_slab":1,"stat.drop.actuallyadditions.item_misc":3,"stat.useItem.tconstruct.faucet":2,"stat.drop.patchouli.guide_book":1,"stat.pickup.ic2.upgrade":17,"stat.pickup.biomesoplenty.leaves_2":4,"stat.mineBlock.biomesoplenty.waterlily":1,"stat.drop.minecraft.potato":1,"stat.pickup.minecraft.ender_pearl":11,"stat.useItem.minecraft.netherrack":134,"stat.mineBlock.minecraft.tnt":9,"stat.craftItem.minecraft.bookshelf":12,"stat.mineBlock.minecraft.stonebrick":21,"stat.pickup.harvestcraft.queenbeeitem":2,"stat.mineBlock.minecraft.glowstone":9,"stat.mineBlock.forestry.resources":12,"stat.useItem.cyclicmagic.evoker_fang":9,"stat.pickup.thaumcraft.thaumometer":2,"stat.pickup.minecraft.torch":25,"stat.craftItem.forestry.fermenter":1,"stat.mineBlock.astralsorcery.blockcustomsandore":4,"stat.pickup.thaumcraft.thaumonomicon":2,"stat.drop.minecraft.arrow":5,"stat.mineBlock.exnihilocreatio.block_sieve":2,"stat.mineBlock.tconstruct.seared_tank":1,"stat.craftItem.tconstruct.stone_ladder":24,"stat.craftItem.akashictome.tome":4,"stat.useItem.minecraft.planks":87,"stat.pickup.thaumcraft.crucible":3,"stat.pickup.minecraft.porkchop":4,"stat.useItem.thermalfoundation.ore":4,"stat.pickup.minecraft.blaze_powder":9,"stat.craftItem.astralsorcery.itemwand":1,"stat.craftItem.immersiveengineering.metal_device1":1,"stat.useItem.minecraft.water_bucket":35,"stat.mineBlock.thaumcraft.log_greatwood":107,"stat.pickup.minecraft.sand":649,"stat.craftItem.mekanism.basicblock":2,"stat.pickup.nuclearcraft.water_source":1,"stat.pickup.betteranimalsplus.eel_meat_raw":2,"stat.craftItem.omniwand.wand":10,"stat.mineBlock.biomesoplenty.dirt":209,"stat.useItem.scannable.module_block":1,"stat.pickup.iceandfire.rotten_egg":1,"stat.craftItem.harvestcraft.watertrap":2,"stat.pickup.minecraft.furnace":43,"stat.pickup.tconstruct.cast":6,"stat.pickup.minecraft.skull":9,"stat.useItem.minecraft.stone_stairs":10,"stat.craftItem.minecraft.sand":189,"stat.useItem.minecraft.hopper":2,"stat.drop.ic2.leaves":128,"stat.mineBlock.actuallyadditions.block_giant_chest":6,"stat.playOneMinute":1349637,"stat.pickup.tconstruct.rack":4,"stat.drop.minecraft.string":4,"stat.pickup.chisel.netherbrick":1,"stat.mineBlock.minecraft.netherrack":364,"stat.useItem.thaumcraft.nitor_yellow":3,"stat.craftItem.cyclicmagic.tool_harvest_weeds":1,"stat.mineBlock.appliedenergistics2.sky_stone_block":769,"stat.mineBlock.appliedenergistics2.charged_quartz_ore":8,"stat.drop.minecraft.flint":3,"stat.mineBlock.tconstruct.faucet":3,"stat.useItem.harvestcraft.ploughmanslunchitem":2,"stat.pickup.endreborn.block_entropy_end_stone":103,"stat.fallOneCm":285468,"stat.craftItem.ic2.treetap":5,"stat.drop.minecraft.dye":3,"stat.craftItem.minecraft.chest":3,"stat.pickup.rustic.horsetail":9,"stat.mineBlock.rats.garbage_pile":48,"stat.craftItem.harvestcraft.freshwateritem":24,"stat.mineBlock.nuclearcraft.ore":4,"stat.pickup.minecraft.feather":20,"stat.craftItem.tconstruct.seared_tank":4,"stat.killEntity.Rabbit":2,"stat.useItem.biomesoplenty.berries":2,"stat.useItem.biomesoplenty.coral":10,"stat.craftItem.forestry.carpenter":1,"stat.drop.excompressum.bait":8,"stat.drop.biomesoplenty.coral":1,"stat.mineBlock.quark.stone_speleothem":1,"stat.killEntity.quark:foxhound":5,"stat.pickup.minecraft.log":58,"stat.drop.immersiveengineering.tool":3,"stat.craftItem.biomesoplenty.gem":4,"stat.pickup.rats.rat_cage":4,"stat.craftItem.minecraft.redstone_ore":1,"stat.entityKilledBy.Enderman":1,"stat.craftItem.tconstruct.smeltery_controller":3,"stat.pickup.tconstruct.broadsword":1,"stat.mineBlock.tconstruct.slime_vine_blue":2,"stat.pickup.randomthings.naturecore":1,"stat.drop.mekanism.configurator":1,"stat.craftItem.tconstruct.pickaxe":31,"stat.drop.harvestcraft.calamarirawitem":30,"stat.craftItem.advancedrocketry.platepress":1,"stat.sneakTime":20622,"stat.pickup.thaumcraft.amber":28,"stat.mineBlock.thaumcraft.crystal_perditio":46,"stat.craftItem.biomesoplenty.wood_slab_0":6,"stat.pickup.minecraft.chest":29,"stat.pickup.immersiveengineering.ore":6,"stat.pickup.minecraft.stone_pressure_plate":1,"stat.mineBlock.endreborn.block_entropy_end_stone":103,"stat.craftItem.tconstruct.faucet":6,"stat.mineBlock.actuallyadditions.block_misc":10,"stat.mineBlock.randomthings.specialchest":1,"stat.craftItem.extrautils2.compressedcobblestone":90,"stat.swimOneCm":81794,"stat.mineBlock.quark.glowcelium":3,"stat.killEntity.betteranimalsplus.boar":2,"stat.useItem.minecraft.dirt":740,"stat.mineBlock.quark.fire_stone_slab":1,"stat.craftItem.ic2.tool_box":2,"stat.mineBlock.minecraft.magma":147,"stat.pickup.thaumadditions.thaumic_lectern":2,"stat.pickup.appliedenergistics2.material":69,"stat.killEntity.spirit":10,"stat.drop.minecraft.wheat_seeds":1,"stat.craftItem.minecraft.wooden_slab":42,"stat.useItem.tconstruct.broadsword":62,"stat.mineBlock.thaumcraft.crucible":3,"stat.pickup.minecraft.mutton":16,"stat.mineBlock.biomesoplenty.log_2":25,"stat.useItem.minecraft.lever":3,"stat.pickup.minecraft.stonebrick":22,"stat.pickup.thaumadditions.crystal_bag":1,"stat.mineBlock.minecraft.nether_brick":7,"stat.mineBlock.lootr.lootr_chest":13,"stat.pickup.randomthings.specialchest":1,"stat.craftItem.minecraft.stone_slab2":10,"stat.pickup.netherendingores.ore_nether_modded_1":50,"stat.pickup.actuallyadditions.item_misc":7,"stat.mineBlock.biomesoplenty.log_0":299,"stat.mineBlock.mekanism.oreblock":138,"stat.useItem.thaumcraft.log_silverwood":5,"stat.useItem.minecraft.stone_slab":1,"stat.craftItem.minecraft.stone":72,"stat.pickup.integrateddynamics.menril_log":29,"stat.useItem.ic2.wrench":30,"stat.killEntity.Endermite":1,"stat.useItem.extrautils2.itembuilderswand":124,"stat.craftItem.biomesoplenty.pine_door":3,"stat.mineBlock.thaumcraft.crystal_aqua":133,"stat.pickup.rustic.cabinet":9,"stat.pickup.minecraft.slime_ball":13,"stat.craftItem.minecraft.clay":38,"stat.craftItem.thaumcraft.nugget":567,"stat.pickup.integrateddynamics.crystalized_menril_chunk":10,"stat.pickup.minecraft.gravel":167,"stat.pickup.thaumcraft.curio":3,"stat.mineBlock.tconstruct.smeltery_controller":1,"stat.mineBlock.tconstruct.slime_dirt":25,"stat.mineBlock.rustic.sapling":2,"stat.pickup.tconstruct.hatchet":1,"stat.pickup.minecraft.brick":13,"stat.craftItem.tconstruct.rack":4,"stat.entityKilledBy.CaveSpider":2,"stat.pickup.minecraft.spider_eye":7,"stat.drop.vaultopic.vice":1,"stat.pickup.minecraft.iron_ore":316,"stat.pickup.tconstruct.slime_congealed":48,"stat.mineBlock.minecraft.iron_bars":9,"stat.craftItem.immersiveengineering.metal_decoration0":1,"stat.pickup.minecraft.leather":23,"stat.useItem.tconstruct.kama":254,"stat.pickup.actuallyadditions.item_hairy_ball":70,"stat.pickup.minecraft.reeds":12,"stat.craftItem.randomthings.customworkbench":2,"stat.craftItem.hole_filler_mod.throwable_hole_filler_balanced":2,"stat.craftItem.minecraft.glass":72,"stat.sleepInBed":40,"stat.pickup.biomesoplenty.white_dye":7,"stat.killEntity.Pig":1,"stat.pickup.minecraft.piston":15,"stat.useItem.harvestcraft.sausageinbreaditem":4,"stat.mineBlock.randomthings.naturecore":1,"stat.walkOneCm":2132499,"stat.mineBlock.ic2.te":2,"stat.craftItem.thaumcraft.nitor_black":1,"stat.pickup.minecraft.clay_ball":522,"stat.pickup.mctsmelteryio.machine":8,"stat.useItem.immersiveengineering.sheetmetal":3,"stat.mineBlock.chisel.basalt2":113,"stat.craftItem.actuallyadditions.item_crystal":9,"stat.craftItem.hole_filler_mod.throwable_hole_filler":32,"stat.pickup.minecraft.tnt":9,"stat.pickup.minecraft.stone":9,"stat.drop.randomthings.flootoken":2,"stat.pickup.ic2.treetap":1,"stat.pickup.ic2.forge_hammer":1,"stat.pickup.tcomplement.sledge_hammer":1,"stat.pickup.minecraft.gold_ingot":63,"stat.killEntity.Skeleton":67,"stat.pickup.forestry.apatite":48,"stat.killEntity.Pech":1,"stat.mineBlock.minecraft.cactus":3,"stat.pickup.sonarcore.reinforcedstonebrickfence":53,"stat.pickup.biomesoplenty.log_0":316,"stat.pickup.biomesoplenty.log_2":24,"stat.useItem.biomesoplenty.planks_0":1,"stat.killEntity.Spider":14,"stat.pickup.astralsorcery.itemcraftingcomponent":9,"stat.useItem.thaumcraft.curio":34,"stat.pickup.minecraft.quartz":108,"stat.craftItem.ic2.resource":24,"stat.drop.tconstruct.ingots":40,"stat.mineBlock.minecraft.redstone_ore":326,"stat.mineBlock.tconstruct.casting":5,"stat.craftItem.minecraft.coal_block":14,"stat.craftItem.minecraft.brick":132,"stat.mineBlock.immersiveengineering.stone_decoration":16,"stat.mineBlock.netherendingores.ore_nether_vanilla":123,"stat.pickup.ic2.drill":1,"stat.mineBlock.minecraft.stone":410,"stat.useItem.minecraft.sandstone":1}