[
 {"name": "chunk"       ,"type": "item","ore_types": ["ingot","ingot_oreless","gem","gem_oreless","dust"]}
,{"name": "rockyChunk"  ,"type": "item","ore_types": ["ingot","ingot_oreless","gem","gem_oreless","dust"]}
,{"name": "dustAlch"    ,"type": "item","ore_types": ["ingot","ingot_oreless","gem","gem_oreless","dust"]}
,{"name": "dirtyGem"    ,"type": "item","ore_types": ["ingot","ingot_oreless","gem","gem_oreless","dust"]}
,{"name": "crystalAbyss","type": "item","ore_types": ["ingot","ingot_oreless","gem","gem_oreless","dust"]}
,{"name": "crystalShard","type": "item","ore_types": ["ingot","ingot_oreless","gem","gem_oreless","dust"]}
,{"name": "cluster"     ,"type": "item","ore_types": ["ingot","ingot_oreless","gem","gem_oreless","dust"]}
]