[
  {
    "id": "overworldian",
    "displayName": "Overworldian",
    "displayColor": "green",
    "xpValue": 10
  },
  {
    "id": "hellish",
    "displayName": "Hellish",
    "displayColor": "red",
    "xpValue": 14
  },
  {
    "id": "extraterrestrial",
    "displayName": "Extraterrestrial",
    "displayColor": "light_purple",
    "xpValue": 20
  },
  {
    "id": "twilight",
    "mod": "twilightforest",
    "displayName": "Twilight",
    "displayColor": "blue",
    "xpValue": 30
  }
]