<?xml version="1.0" encoding="UTF-8"?>
<enderio:recipes xmlns:enderio="http://enderio.com/recipes" xmlns:xsi="http://www.w3.org/2001/XMLSchema-instance" xsi:schemaLocation="http://enderio.com/recipes recipes.xsd ">

<!-- 
 -->

  <capacitor key="enderio:block_simple_alloy_smelter/intake"             base="200000"   scaler="FIXED" />
  <capacitor key="enderio:block_simple_alloy_smelter/buffer"             base="20000"    scaler="FIXED" />
  <capacitor key="enderio:block_simple_alloy_smelter/use"                base="200"      scaler="FIXED" />
  <capacitor key="enderio:block_simple_alloy_smelter/loss"               base="200"      scaler="FIXED" />
  <capacitor key="enderio:block_alloy_smelter/intake"                    base="200000"   scaler="POWER" />
  <capacitor key="enderio:block_alloy_smelter/buffer"                    base="2000000"  scaler="POWER" />
  <capacitor key="enderio:block_alloy_smelter/use"                       base="5000"     scaler="POWER" />
  <capacitor key="enderio:block_enhanced_alloy_smelter/intake"           base="300000"   scaler="POWER" />
  <capacitor key="enderio:block_enhanced_alloy_smelter/buffer"           base="10000000" scaler="POWER" />
  <capacitor key="enderio:block_enhanced_alloy_smelter/use"              base="15000"    scaler="POWER" />
  <capacitor key="enderio:block_enhanced_alloy_smelter/efficiency"       base="150"      scaler="CENT" />
  <capacitor key="enderio:block_enhanced_alloy_smelter/double_op_chance" base="1"        scaler="QUADRATIC" />
  
  <capacitor key="enderio:block_buffer/intake_creative" base="2000000"  scaler="FIXED" />
  <capacitor key="enderio:block_buffer/buffer_creative" base="20000000" scaler="FIXED" />
  <capacitor key="enderio:block_buffer/use_creative"    base="0"        scaler="FIXED" />
  
  <capacitor key="enderio:block_buffer/intake" base="500000"   scaler="CUBIC" />
  <capacitor key="enderio:block_buffer/buffer" base="40000000" scaler="POWER" />
  <capacitor key="enderio:block_buffer/use"    base="0"        scaler="FIXED" />

  <capacitor key="enderio:block_farm_station/intake"          base="40000"    scaler="RANGE" />
  <capacitor key="enderio:block_farm_station/buffer"          base="25000000" scaler="RANGE" />
  <capacitor key="enderio:block_farm_station/use"             base="360"      scaler="RANGE" />
  <capacitor key="enderio:block_farm_station/base_size"       base="1"        scaler="FIXED" />
  <capacitor key="enderio:block_farm_station/bonus_size"      base="2"        scaler="IDENTITY" />
  <capacitor key="enderio:block_farm_station/stacksize_limit" base="16"       scaler="QUADRATIC" />
  <capacitor key="enderio:block_farm_station/boost"           base="100"      scaler="IDENTITY" /> <!-- boost: result is the percent chance that a block gets a growth tick, so with the default there is a 100% chance per capacitor level that one block is ticked, or in other words: one block per capacitor level is ticked. -->
 
  <capacitor key="enderio:block_combustion_generator/loss"                base="0"        scaler="CENT" />
  <capacitor key="enderio:block_combustion_generator/buffer"              base="10000000" scaler="POWER" />
  <capacitor key="enderio:block_combustion_generator/gen"                 base="24"       scaler="CHEMICAL" />
  <capacitor key="enderio:block_combustion_generator/send"                base="128000"   scaler="POWER" />
  <capacitor key="enderio:block_combustion_generator/efficiency"          base="1"        scaler="FIXED" />

  <capacitor key="enderio:block_enhanced_combustion_generator/loss"       base="0"        scaler="CENT" />
  <capacitor key="enderio:block_enhanced_combustion_generator/buffer"     base="50000000" scaler="POWER" />
  <capacitor key="enderio:block_enhanced_combustion_generator/gen"        base="72"       scaler="CHEMICAL" />
  <capacitor key="enderio:block_enhanced_combustion_generator/send"       base="128000"   scaler="POWER" />
  <capacitor key="enderio:block_enhanced_combustion_generator/efficiency" base="200"      scaler="CENT" />
  
  <capacitor key="enderio:block_stirling_generator/loss"                  base="0"       scaler="FIXED" />
  <capacitor key="enderio:block_stirling_generator/buffer"                base="2250000" scaler="POWER" />
  <capacitor key="enderio:block_stirling_generator/gen"                   base="4400"    scaler="DROPOFF" />
  <capacitor key="enderio:block_stirling_generator/efficiency"            base="80"      scaler="BURNTIME" />

  <capacitor key="enderio:block_lava_generator/loss"                      base="0"       scaler="CENT" />
  <capacitor key="enderio:block_lava_generator/buffer"                    base="6000000" scaler="POWER" />
  <capacitor key="enderio:block_lava_generator/use"                       base="2"       scaler="FIXED" />
  <capacitor key="enderio:block_lava_generator/gen"                       base="5200" >
    <indexed step="1">
      <data value="0"/>
      <data value="1"/>
      <data value="1.1"/>
      <data value="1.3"/>
      <data value="1.6"/>
      <data value="2"/>
      <data value="2.5"/>
      <data value="3.1"/>
      <data value="3.8"/>
      <data value="4.6"/>
      <data value="5.5"/>
    </indexed>
  </capacitor>
  
  <capacitor key="enderio:block_simple_stirling_generator/loss"     base="1"        scaler="FIXED" />
  <capacitor key="enderio:block_simple_stirling_generator/buffer"   base="225000"   scaler="FIXED" />
  <capacitor key="enderio:block_simple_stirling_generator/gen"      base="440"      scaler="FIXED" />

  <capacitor key="enderio:block_zombie_generator/loss"              base="0"        scaler="FIXED" />
  <capacitor key="enderio:block_zombie_generator/buffer"            base="4000000"  scaler="POWER" />
  <capacitor key="enderio:block_zombie_generator/gen"               base="12800"    scaler="CHEMICAL" />
    
  <capacitor key="enderio:block_franken_zombie_generator/loss"      base="0"        scaler="CENT" />
  <capacitor key="enderio:block_franken_zombie_generator/buffer"    base="8000000"  scaler="POWER" />
  <capacitor key="enderio:block_franken_zombie_generator/gen"       base="25600"    scaler="CHEMICAL" />

  <capacitor key="enderio:block_ender_generator/loss"               base="0"        scaler="CENT" />
  <capacitor key="enderio:block_ender_generator/buffer"             base="10000000" scaler="POWER" />
  <capacitor key="enderio:block_ender_generator/gen"                base="10800"    scaler="CHEMICAL" />
  
  <capacitor key="enderio:block_attractor_obelisk/intake"           base="5000"     scaler="QUADRATIC" />
  <capacitor key="enderio:block_attractor_obelisk/buffer"           base="100000"   scaler="POWER" />
  <capacitor key="enderio:block_attractor_obelisk/use"              base="160"      scaler="QUADRATIC" />
  <capacitor key="enderio:block_attractor_obelisk/range"            base="16"       scaler="QUADRATIC" />
  
  <capacitor key="enderio:block_aversion_obelisk/intake"            base="5000"     scaler="CUBIC" />
  <capacitor key="enderio:block_aversion_obelisk/buffer"            base="100000"   scaler="POWER" />
  <capacitor key="enderio:block_aversion_obelisk/use"               base="160"      scaler="CUBIC" />
  <capacitor key="enderio:block_aversion_obelisk/range"             base="16"       scaler="RANGE" />

  <capacitor key="enderio:block_inhibitor_obelisk/intake"           base="5000"     scaler="CUBIC" />
  <capacitor key="enderio:block_inhibitor_obelisk/buffer"           base="100000"   scaler="POWER" />
  <capacitor key="enderio:block_inhibitor_obelisk/use"              base="320"      scaler="CUBIC" />
  <capacitor key="enderio:block_inhibitor_obelisk/range"            base="8"        scaler="RANGE" />
  
  <capacitor key="enderio:block_relocator_obelisk/intake"           base="5000"     scaler="CUBIC" />
  <capacitor key="enderio:block_relocator_obelisk/buffer"           base="100000"   scaler="POWER" />
  <capacitor key="enderio:block_relocator_obelisk/use"              base="320"      scaler="CUBIC" />
  <capacitor key="enderio:block_relocator_obelisk/range"            base="12"       scaler="RANGE" />

  <capacitor key="enderio:block_weather_obelisk/intake"             base="5000"     scaler="POWER" />
  <capacitor key="enderio:block_weather_obelisk/buffer"             base="100000"   scaler="POWER" />
  <capacitor key="enderio:block_weather_obelisk/use"                base="320"      scaler="POWER" />
  <capacitor key="enderio:block_weather_obelisk/fluid_use"          base="4"        scaler="POWER" />
  
  <capacitor key="enderio:block_painter/intake"                     base="100"      scaler="POWER" />
  <capacitor key="enderio:block_painter/buffer"                     base="1000"     scaler="POWER" />
  <capacitor key="enderio:block_painter/use"                        base="10"       scaler="FIXED" />
  
  <capacitor key="enderio:block_sag_mill/intake"                    base="200000"   scaler="POWER" />
  <capacitor key="enderio:block_sag_mill/buffer"                    base="2000000"  scaler="POWER" />
  <capacitor key="enderio:block_sag_mill/use"                       base="5000"     scaler="POWER" />
  
  <capacitor key="enderio:block_simple_sag_mill/intake"             base="2000"     scaler="FIXED" />
  <capacitor key="enderio:block_simple_sag_mill/buffer"             base="200000"   scaler="FIXED" />
  <capacitor key="enderio:block_simple_sag_mill/use"                base="200"      scaler="FIXED" />
  <capacitor key="enderio:block_simple_sag_mill/loss"               base="20"       scaler="FIXED" />

  <capacitor key="enderio:block_enhanced_sag_mill/intake"           base="2000000"  scaler="POWER" />
  <capacitor key="enderio:block_enhanced_sag_mill/buffer"           base="20000000" scaler="POWER" />
  <capacitor key="enderio:block_enhanced_sag_mill/use"              base="50000"    scaler="POWER" />
  <capacitor key="enderio:block_enhanced_sag_mill/efficiency"       base="150"      scaler="CENT" />
  <capacitor key="enderio:block_enhanced_sag_mill/double_op_chance" base="1"        scaler="QUADRATIC" />

  <capacitor key="enderio:block_slice_and_splice/intake"            base="200000"   scaler="QUADRATIC" />
  <capacitor key="enderio:block_slice_and_splice/buffer"            base="2000000"  scaler="POWER" />
  <capacitor key="enderio:block_slice_and_splice/use"               base="20000"    scaler="QUADRATIC" />
  
  <capacitor key="enderio:block_soul_binder/intake"                 base="200000"   scaler="QUADRATIC" />
  <capacitor key="enderio:block_soul_binder/buffer"                 base="2000000"  scaler="POWER" />
  <capacitor key="enderio:block_soul_binder/use"                    base="40000"    scaler="QUADRATIC" />
  <capacitor key="enderio:block_soul_binder/pitch"                  base="1"        scaler="IDENTITY" />
  
  <capacitor key="enderio:block_powered_spawner/intake"             base="200000"   scaler="SPAWNER" />
  <capacitor key="enderio:block_powered_spawner/buffer"             base="20000000" scaler="POWER" />
  <capacitor key="enderio:block_powered_spawner/use"                base="1280"     scaler="SPAWNER" />
  <capacitor key="enderio:block_powered_spawner/speed"              base="1"        scaler="QUADRATIC" />
  
  <capacitor key="enderio:block_transceiver/intake"                 base="51200000"  scaler="POWER" />
  <capacitor key="enderio:block_transceiver/buffer"                 base="100000000" scaler="CUBIC" />
  <capacitor key="enderio:block_transceiver/use"                    base="500"       scaler="QUADRATIC" />
  <capacitor key="enderio:block_transceiver/ratio"                  base="1">
  <indexed step="1">
    <data value=".75"/>
    <data value=".5"/>
    <data value=".15"/>
    <data value=".025"/>
  </indexed>
  </capacitor>

  <capacitor key="enderio:block_vat/intake"                    base="20000"    scaler="POWER" />
  <capacitor key="enderio:block_vat/buffer"                    base="2000000"  scaler="POWER" />
  <capacitor key="enderio:block_vat/use"                       base="5000"     scaler="CHEMICAL" />

  <capacitor key="enderio:block_enhanced_vat/intake"           base="200000"   scaler="POWER" />
  <capacitor key="enderio:block_enhanced_vat/buffer"           base="20000000" scaler="POWER" />
  <capacitor key="enderio:block_enhanced_vat/use"              base="50000"    scaler="CHEMICAL" />
  <capacitor key="enderio:block_enhanced_vat/efficiency"       base="150"      scaler="CENT" />
  <capacitor key="enderio:block_enhanced_vat/double_op_chance" base="1"        scaler="QUADRATIC" />

  <capacitor key="enderio:block_wired_charger/intake"          base="100000"   scaler="POWER" />
  <capacitor key="enderio:block_wired_charger/buffer"          base="1000000"  scaler="POWER" />
  <capacitor key="enderio:block_wired_charger/charge"          base="100"      scaler="CHARGE" />

  <capacitor key="enderio:block_enhanced_wired_charger/intake" base="20000"    scaler="POWER" />
  <capacitor key="enderio:block_enhanced_wired_charger/buffer" base="10000000" scaler="POWER" />
  <capacitor key="enderio:block_enhanced_wired_charger/charge" base="1000"     scaler="CHARGE" />

  <capacitor key="enderio:block_simple_wired_charger/intake"   base="20000"    scaler="FIXED" />
  <capacitor key="enderio:block_simple_wired_charger/buffer"   base="200000"   scaler="FIXED" />
  <capacitor key="enderio:block_simple_wired_charger/use"      base="20"       scaler="FIXED" />
  <capacitor key="enderio:block_simple_wired_charger/loss"     base="5"        scaler="CENT" />

  <capacitor key="enderio:block_wireless_charger/intake"       base="250000"   scaler="FIXED" />
  <capacitor key="enderio:block_wireless_charger/buffer"       base="5000000"  scaler="FIXED" />
  <capacitor key="enderio:block_wireless_charger/charge"       base="250000"   scaler="FIXED" />
  
  <capacitor key="enderio:block_dialing_device/intake"         base="1000"     scaler="FIXED" />
  <capacitor key="enderio:block_dialing_device/buffer"         base="100000"   scaler="FIXED" />
  <capacitor key="enderio:block_dialing_device/use"            base="5"        scaler="FIXED" />
  <capacitor key="enderio:block_dialing_device/use_teleport"   base="1000"     scaler="FIXED" />
  <capacitor key="enderio:block_dialing_device/use_paper"      base="1000"     scaler="FIXED" />
  
  <capacitor key="enderio:block_crafter/intake"                base="10000"    scaler="POWER" />
  <capacitor key="enderio:block_crafter/buffer"                base="100000"   scaler="POWER" />
  <capacitor key="enderio:block_crafter/use"                   base="10"       scaler="POWER" />
  <capacitor key="enderio:block_crafter/use_craft"             base="10"       scaler="FIXED" />
  <capacitor key="enderio:block_crafter/speed"                 base="1"        scaler="QUADRATIC" />
  
  <capacitor key="enderio:block_simple_crafter/intake"         base="10000"    scaler="FIXED" />
  <capacitor key="enderio:block_simple_crafter/buffer"         base="10000"    scaler="FIXED" />
  <capacitor key="enderio:block_simple_crafter/use"            base="10"       scaler="FIXED" />
  <capacitor key="enderio:block_simple_crafter/use_craft"      base="10"       scaler="FIXED" />
  <capacitor key="enderio:block_simple_crafter/speed"          base="1"        scaler="FIXED" />
  
  <capacitor key="enderio:block_tele_pad/intake"               base="10000"    scaler="FIXED" />
  <capacitor key="enderio:block_tele_pad/buffer"               base="100000"   scaler="FIXED" />
  <capacitor key="enderio:block_tele_pad/use"                  base="4000"     scaler="FIXED" />

  <capacitor key="enderio:block_niard/intake"                  base="400"      scaler="POWER" />
  <capacitor key="enderio:block_niard/buffer"                  base="100000"   scaler="POWER" />
  <capacitor key="enderio:block_niard/use"                     base="5"        scaler="POWER" />
  <capacitor key="enderio:block_niard/range"                   base="1">
    <indexed>
      <data value="0"/>
      <data value="0"/>
      <data value="2"/>
      <data value="3"/>
      <data value="5"/>
      <data value="10"/>
      <data value="20"/>
      <data value="40"/><!-- about here it gets insane -->
      <data value="80"/>
      <data value="160"/>
      <data value="320"/>
    </indexed>
  </capacitor>
  <capacitor key="enderio:block_niard/delay" base="1">
    <indexed>
      <data value="40"/>
      <data value="20"/>
      <data value="10"/>
      <data value="2"/>
      <data value="1"/><!-- run each tick -->
    </indexed>
  </capacitor>
  <capacitor key="enderio:block_niard/work" base="400" scaler="POWER" />

  <capacitor key="enderio:block_inventory_chest_tiny/intake"        base="100"     scaler="FIXED" />
  <capacitor key="enderio:block_inventory_chest_tiny/buffer"        base="1000000000" scaler="FIXED" />
  <capacitor key="enderio:block_inventory_chest_tiny/use"           base="1"       scaler="FIXED" />
  <capacitor key="enderio:block_inventory_chest_tiny/size"          base="200"     scaler="FIXED" />

  <capacitor key="enderio:block_inventory_chest_small/intake"       base="100"     scaler="FIXED" />
  <capacitor key="enderio:block_inventory_chest_small/buffer"       base="1000000000" scaler="FIXED" />
  <capacitor key="enderio:block_inventory_chest_small/use"          base="1"       scaler="FIXED" />
  <capacitor key="enderio:block_inventory_chest_small/size"         base="400"    scaler="FIXED" />

  <capacitor key="enderio:block_inventory_chest_medium/intake"      base="100"     scaler="FIXED" />
  <capacitor key="enderio:block_inventory_chest_medium/buffer"      base="1000000000" scaler="FIXED" />
  <capacitor key="enderio:block_inventory_chest_medium/use"         base="1"       scaler="FIXED" />
  <capacitor key="enderio:block_inventory_chest_medium/size"        base="600"    scaler="FIXED" />

  <capacitor key="enderio:block_inventory_chest_big/intake"         base="100"     scaler="FIXED" />
  <capacitor key="enderio:block_inventory_chest_big/buffer"         base="1000000000" scaler="FIXED" />
  <capacitor key="enderio:block_inventory_chest_big/use"            base="1"       scaler="FIXED" />
  <capacitor key="enderio:block_inventory_chest_big/size"           base="1000"    scaler="FIXED" />

  <capacitor key="enderio:block_inventory_chest_large/intake"       base="100"     scaler="FIXED" />
  <capacitor key="enderio:block_inventory_chest_large/buffer"       base="1000000000" scaler="FIXED" />
  <capacitor key="enderio:block_inventory_chest_large/use"          base="1"       scaler="FIXED" />
  <capacitor key="enderio:block_inventory_chest_large/size"         base="1400"    scaler="FIXED" />

  <capacitor key="enderio:block_inventory_chest_huge/intake"        base="100"     scaler="FIXED" />
  <capacitor key="enderio:block_inventory_chest_huge/buffer"        base="1000000000" scaler="FIXED" />
  <capacitor key="enderio:block_inventory_chest_huge/use"           base="1"       scaler="FIXED" />
  <capacitor key="enderio:block_inventory_chest_huge/size"          base="1800"    scaler="FIXED" />

  <capacitor key="enderio:block_inventory_chest_enormous/intake"    base="100"     scaler="FIXED" />
  <capacitor key="enderio:block_inventory_chest_enormous/buffer"    base="1000000000" scaler="FIXED" />
  <capacitor key="enderio:block_inventory_chest_enormous/use"       base="1"       scaler="FIXED" />
  <capacitor key="enderio:block_inventory_chest_enormous/size"      base="2600"    scaler="FIXED" />

  <capacitor key="enderio:block_inventory_chest_warehouse/intake"   base="100"     scaler="FIXED" />
  <capacitor key="enderio:block_inventory_chest_warehouse/buffer"   base="1000000000" scaler="FIXED" />
  <capacitor key="enderio:block_inventory_chest_warehouse/use"      base="1"       scaler="FIXED" />
  <capacitor key="enderio:block_inventory_chest_warehouse/size"     base="3600"    scaler="FIXED" />

  <capacitor key="enderio:block_inventory_chest_warehouse13/intake" base="100"     scaler="FIXED" />
  <capacitor key="enderio:block_inventory_chest_warehouse13/buffer" base="1000000000" scaler="FIXED" />
  <capacitor key="enderio:block_inventory_chest_warehouse13/use"    base="1"       scaler="FIXED" />
  <capacitor key="enderio:block_inventory_chest_warehouse13/size"   base="5000"    scaler="FIXED" />

  <capacitor key="enderio:block_inventory_panel_sensor/intake"      base="20"     scaler="FIXED" />
  <capacitor key="enderio:block_inventory_panel_sensor/buffer"      base="10000"  scaler="FIXED" />
  <capacitor key="enderio:block_inventory_panel_sensor/use"         base="2"      scaler="FIXED" />

</enderio:recipes>