<Asteroids>
	<asteroid name="Iridium Enriched" distance="100" mass="25" massVariability="1" probability="3" richness="0.8" richnessVariability="0.2">
		<ore itemStack="minecraft:iron_ore" chance="25"/>
		<ore itemStack="thermalfoundation:ore 7" chance="25"/>
	</asteroid>
	<asteroid name="Draconium" distance="75" mass="64" massVariability="1" probability="5" richness="0.7" richnessVariability="0.5">
		<ore itemStack="draconicevolution:draconium_ore" chance="100"/>
		<ore itemStack="advancedrocketry:moonturf" chance="25"/>
		<ore itemStack="advancedrocketry:moonturf_dark" chance="25"/>
	</asteroid>
	<asteroid name="Prosperity" distance="75" mass="64" massVariability="1" probability="5" richness="0.7" richnessVariability="0.5">
		<ore itemStack="mysticalagriculture:prosperity_ore" chance="100"/>
		<ore itemStack="advancedrocketry:moonturf" chance="25"/>
		<ore itemStack="advancedrocketry:moonturf_dark" chance="25"/>
	</asteroid>
	<asteroid name="Dimensional Shard" distance="75" mass="64" massVariability="1" probability="5" richness="0.7" richnessVariability="0.5">
		<ore itemStack="rftools:dimensional_shard_ore" chance="100"/>
		<ore itemStack="advancedrocketry:moonturf" chance="25"/>
		<ore itemStack="advancedrocketry:moonturf_dark" chance="25"/>
	</asteroid>
	<asteroid name="Mana Infused" distance="75" mass="64" massVariability="1" probability="5" richness="0.7" richnessVariability="0.5">
		<ore itemStack="thermalfoundation:ore 8" chance="100"/>
		<ore itemStack="advancedrocketry:moonturf" chance="25"/>
		<ore itemStack="advancedrocketry:moonturf_dark" chance="25"/>
	</asteroid>
	<asteroid name="Destabilized Redstone" distance="75" mass="64" massVariability="1" probability="5" richness="0.7" richnessVariability="0.5">
		<ore itemStack="thermalfoundation:ore_fluid 2" chance="100"/>
		<ore itemStack="advancedrocketry:moonturf" chance="25"/>
		<ore itemStack="advancedrocketry:moonturf_dark" chance="25"/>
	</asteroid>
	<asteroid name="Energized Netherrack" distance="75" mass="64" massVariability="1" probability="5" richness="0.7" richnessVariability="0.5">
		<ore itemStack="thermalfoundation:ore_fluid 3" chance="100"/>
		<ore itemStack="advancedrocketry:moonturf" chance="25"/>
		<ore itemStack="advancedrocketry:moonturf_dark" chance="25"/>
	</asteroid>
	<asteroid name="Resonant End Stone" distance="75" mass="64" massVariability="1" probability="5" richness="0.7" richnessVariability="0.5">
		<ore itemStack="thermalfoundation:ore_fluid 4" chance="100"/>
		<ore itemStack="advancedrocketry:moonturf" chance="25"/>
		<ore itemStack="advancedrocketry:moonturf_dark" chance="25"/>
	</asteroid>
	<asteroid name="Dilithium" distance="75" mass="64" massVariability="1" probability="5" richness="0.7" richnessVariability="0.5">
		<ore itemStack="netherendingores:ore_end_modded_1 14" chance="100"/>
		<ore itemStack="advancedrocketry:moonturf" chance="25"/>
		<ore itemStack="advancedrocketry:moonturf_dark" chance="25"/>
	</asteroid>
	<asteroid name="Titanium" distance="75" mass="64" massVariability="1" probability="5" richness="0.7" richnessVariability="0.5">
		<ore itemStack="libvulpes:ore0 8" chance="100"/>
		<ore itemStack="advancedrocketry:moonturf" chance="25"/>
		<ore itemStack="advancedrocketry:moonturf_dark" chance="25"/>
	</asteroid>
	<asteroid name="Starmetal" distance="75" mass="64" massVariability="1" probability="5" richness="0.7" richnessVariability="0.5">
		<ore itemStack="astralsorcery:blockcustomore 1" chance="100"/>
		<ore itemStack="advancedrocketry:moonturf" chance="25"/>
		<ore itemStack="advancedrocketry:moonturf_dark" chance="25"/>
	</asteroid>
	<asteroid name="Rock Crystal" distance="75" mass="64" massVariability="1" probability="5" richness="0.7" richnessVariability="0.5">
		<ore itemStack="mysticalagriculture:rock_crystal_essence" chance="100"/>
		<ore itemStack="advancedrocketry:moonturf" chance="25"/>
		<ore itemStack="advancedrocketry:moonturf_dark" chance="25"/>
	</asteroid>
	<asteroid name="Steel" distance="75" mass="64" massVariability="1" probability="7" richness="0.3" richnessVariability="0.2">
		<ore itemStack="thermalfoundation:storage_alloy" chance="100"/>
		<ore itemStack="advancedrocketry:moonturf" chance="25"/>
		<ore itemStack="advancedrocketry:moonturf_dark" chance="25"/>
	</asteroid>
	<asteroid name="Moon Turf" distance="50" mass="64" massVariability="1" probability="8" richness="0.9" richnessVariability="0.1">
		<ore itemStack="advancedrocketry:moonturf" chance="50"/>
		<ore itemStack="advancedrocketry:moonturf_dark" chance="50"/>
	</asteroid>
</Asteroids>