<!-->
	<Recipe timeRequired="NUMBER" power="NUMBER">
		<input>
			<fluidStack>FLUID NAME SIZE</fluidStack>
			<itemStack>ITEM_NAME SIZE META</itemStack>
			<oreDict>OREDICT_NAME SIZE</oreDict>
        </input>
		<output>
			<fluidStack>FLUID_NAME SIZE</fluidStack>
			<itemStack>ITEM_NAME SIZE META</itemStack>
			<oreDict>OREDICT_NAME SIZE</oreDict>
		</output>
	</Recipe>
	
	Can have Multiple In/Outputs
	Some Machines can only Accept either Fluids or Items
	
	timeRequired="NUMBER"	how long a Recipe takes, Unit is in Ticks.
	power="NUMBER" how much Power the Recipes takes per Tick. Unit is in RF.
	
	The "useDefault" attribute will prevent loading of recipes if set to "false"
<!-->
<Recipes useDefault="false">
	<Recipe timeRequired="80" power="50000">
		<input>
			<fluidStack>liquid_sunshine 1000</fluidStack>
		</input>
		<output>
			<itemStack>extendedcrafting:material 10 7</itemStack>
		</output>
	</Recipe>
	<Recipe timeRequired="100" power="100000">
		<input>
			<fluidStack>silicon 1296</fluidStack>
		</input>
		<output>
			<itemStack>libvulpes:productboule 1 3</itemStack>
		</output>
	</Recipe>
	<Recipe timeRequired="200" power="100000">
		<input>
			<itemStack>astralsorcery:itemrockcrystalsimple 1 0</itemStack>
			<itemStack>astralsorcery:itemcraftingcomponent 1 2</itemStack>
		</input>
		<output>
			<itemStack>astralsorcery:blockcelestialcrystals 1 4</itemStack>
		</output>
	</Recipe>
	<Recipe timeRequired="200" power="100000">
		<input>
			<itemStack>astralsorcery:itemrockcrystalsimple 1 0</itemStack>
			<itemStack>ic2:dust 1 9</itemStack>
		</input>
		<output>
			<itemStack>astralsorcery:blockgemcrystals 1 2</itemStack>
		</output>
	</Recipe>
	<Recipe timeRequired="200" power="100000">
		<input>
			<itemStack>astralsorcery:itemrockcrystalsimple 1 0</itemStack>
			<itemStack>minecraft:glowstone_dust 1 0</itemStack>
		</input>
		<output>
			<itemStack>astralsorcery:blockgemcrystals 1 3</itemStack>
		</output>
	</Recipe>
	<Recipe timeRequired="200" power="100000">
		<input>
			<itemStack>astralsorcery:itemrockcrystalsimple 1 0</itemStack>
			<itemStack>appliedenergistics2:material 1 3</itemStack>
		</input>
		<output>
			<itemStack>astralsorcery:blockgemcrystals 1 4</itemStack>
		</output>
	</Recipe>
	<!-- Recipe below generated automatically. Do not make changes or they gonna be rewritten. -->
	<!-- [Conduit Binder+] -->
	<Recipe timeRequired="10" power="40000">
		<input>
			<oreDict>dust 20</oreDict>
			<itemStack>ic2:dust 5 1</itemStack>
			<itemStack>nuclearcraft:gem_dust 5 11</itemStack>
			<fluidStack>sand 5000</fluidStack>
		</input>
		<output>
			<itemStack>enderio:item_material 64 4</itemStack>
			<itemStack>enderio:item_material 56 4</itemStack>
		</output>
	</Recipe>
	<!-- Recipe below generated automatically. Do not make changes or they gonna be rewritten. -->
	<!-- [Calcium Sulfate] -->
	<Recipe timeRequired="10" power="40000">
		<input>
			<oreDict>dustFluorite 6</oreDict>
			<fluidStack>sulfuric_acid 6000</fluidStack>
		</input>
		<output>
			<itemStack>nuclearcraft:compound 6 0</itemStack>
		</output>
	</Recipe>
	<!-- Recipe below generated automatically. Do not make changes or they gonna be rewritten. -->
	<!-- [Cubic Boron Nitride] -->
	<Recipe timeRequired="10" power="40000">
		<input>
			<oreDict>dustBoron 5</oreDict>
			<fluidStack>ammonia 5000</fluidStack>
		</input>
		<output>
			<itemStack>nuclearcraft:gem 10 1</itemStack>
		</output>
	</Recipe>
	<!-- Recipe below generated automatically. Do not make changes or they gonna be rewritten. -->
	<!-- [Endorium Nugget] -->
	<Recipe timeRequired="10" power="40000">
		<input>
			<itemStack>extrautils2:enderlilly 1</itemStack>
			<fluidStack>ice 1000</fluidStack>
		</input>
		<output>
			<itemStack>endreborn:item_raw_endorium 10 0</itemStack>
		</output>
	</Recipe>
	<!-- Recipe below generated automatically. Do not make changes or they gonna be rewritten. -->
	<!-- [Heart Container] -->
	<Recipe timeRequired="20" power="100000">
		<input>
			<itemStack>cyclicmagic:heart_toxic 1</itemStack>
			<fluidStack>lifeessence 1000</fluidStack>
		</input>
		<output>
			<itemStack>scalinghealth:heartcontainer 1 0</itemStack>
		</output>
	</Recipe>
	<!-- Recipe below generated automatically. Do not make changes or they gonna be rewritten. -->
	<!-- [Lapotron Crystal] -->
	<Recipe timeRequired="10" power="40000">
		<input>
			<oreDict>circuitAdvanced 4</oreDict>
			<fluidStack>lapis 10000</fluidStack>
		</input>
		<output>
			<itemStack>ic2:lapotron_crystal 4 0</itemStack>
		</output>
	</Recipe>
</Recipes>