<!-->
	<Recipe timeRequired="NUMBER" power="NUMBER">
		<input>
			<fluidStack>FLUID NAME SIZE</fluidStack>
			<itemStack>ITEM_NAME SIZE META</itemStack>
			<oreDict>OREDICT_NAME SIZE</oreDict>
				</input>
		<output>
			<fluidStack>FLUID_NAME SIZE</fluidStack>
			<itemStack>ITEM_NAME SIZE META</itemStack>
			<oreDict>OREDICT_NAME SIZE</oreDict>
		</output>
	</Recipe>
	
	Can have Multiple In/Outputs
	Some Machines can only Accept either Fluids or Items
	
	timeRequired="NUMBER"	how long a Recipe takes, Unit is in Ticks.
	power="NUMBER" how much Power the Recipes takes per Tick. Unit is in RF.
	
	The "useDefault" attribute will prevent loading of recipes if set to "false"
<!-->
<Recipes useDefault="false">
	<Recipe timeRequired="40" power="100000">
		<input>
			<itemStack>advancedrocketry:itemcircuitplate</itemStack>
		</input>
		<output>
			<itemStack>advancedrocketry:ic 4</itemStack>
		</output>
	</Recipe>
	<Recipe timeRequired="50" power="100000">
		<input>
			<itemStack>advancedrocketry:itemcircuitplate 1 1</itemStack>
		</input>
		<output>
			<itemStack>advancedrocketry:ic 4 2</itemStack>
		</output>
	</Recipe>
	<Recipe timeRequired="50" power="100000">
		<input>
			<oreDict>bouleSilicon</oreDict>
		</input>
		<output>
			<itemStack>advancedrocketry:wafer 4</itemStack>
		</output>
	</Recipe>
</Recipes>