<!-->
	<Recipe timeRequired="NUMBER" power="NUMBER">
		<input>
			<fluidStack>FLUID NAME SIZE</fluidStack>
			<itemStack>ITEM_NAME SIZE META</itemStack>
			<oreDict>OREDICT_NAME SIZE</oreDict>
        </input>
		<output>
			<fluidStack>FLUID_NAME SIZE</fluidStack>
			<itemStack>ITEM_NAME SIZE META</itemStack>
			<oreDict>OREDICT_NAME SIZE</oreDict>
		</output>
	</Recipe>
	
	Can have Multiple In/Outputs
	Some Machines can only Accept either Fluids or Items
	
	timeRequired="NUMBER"	how long a Recipe takes, Unit is in Ticks.
	power="NUMBER" how much Power the Recipes takes per Tick. Unit is in RF.
	
	The "useDefault" attribute will prevent loading of recipes if set to "false"
<!-->
<Recipes useDefault="false">
	<Recipe timeRequired="5" power="100000">
		<input>
			<itemStack>minecraft:sand</itemStack>
		</input>
		<output>
			<itemStack>libvulpes:productingot 4 3</itemStack>
		</output>
	</Recipe>
	<Recipe timeRequired="8" power="100000">
		<input>
			<oreDict>ingotIron</oreDict>
			<itemStack>minecraft:coal 1 1</itemStack>
		</input>
		<output>
			<oreDict>ingotSteel 2</oreDict>
		</output>
	</Recipe>
	<Recipe timeRequired="16" power="100000">
		<input>
			<oreDict>blockAluminum 7</oreDict>
			<oreDict>blockTitanium 3</oreDict>
		</input>
		<output>
			<itemStack>advancedrocketry:metal0 6</itemStack>
		</output>
	</Recipe>
	<Recipe timeRequired="16" power="100000">
		<input>
			<oreDict>blockTitanium</oreDict>
			<oreDict>blockIridium</oreDict>
		</input>
		<output>
			<itemStack>advancedrocketry:metal0 4 1</itemStack>
		</output>
	</Recipe>
	<Recipe timeRequired="4" power="100000">
		<input>
			<oreDict>oreRutile</oreDict>
		</input>
		<output>
			<itemStack>libvulpes:productingot 4 7</itemStack>
		</output>
	</Recipe>
	<!-- Scorched bricks -->
	<Recipe timeRequired="4" power="10000">
		<input>
			<oreDict>ingotBrick</oreDict>
		</input>
		<output>
			<itemStack>tcomplement:materials 1 1</itemStack>
		</output>
	</Recipe>
	<!-- Recipe below generated automatically. Do not make changes or they gonna be rewritten. -->
	<!-- [Base Essence Ingot] -->
	<Recipe timeRequired="10" power="40000">
		<input>
			<oreDict>ingotBrass 4</oreDict>
			<oreDict>blockProsperity 2</oreDict>
			<oreDict>nuggetManasteel 2</oreDict>
			<oreDict>dustAstralStarmetal 2</oreDict>
		</input>
		<output>
			<itemStack>mysticalagriculture:crafting 40 32</itemStack>
		</output>
	</Recipe>
</Recipes>