<galaxy>
	<star name="Sol" temp="100" x="0" y="0" numPlanets="0" numGasGiants="0">
		<planet name="Earth" DIMID="0" dimMapping="">
			<isKnown>true</isKnown>
			<fogColor>1.0,1.0,1.0</fogColor>
			<skyColor>1.0,1.0,1.0</skyColor>
			<gravitationalMultiplier>100</gravitationalMultiplier>
			<orbitalDistance>100</orbitalDistance>
			<orbitalPhi>0</orbitalPhi>
			<rotationalPeriod>24000</rotationalPeriod>
			<atmosphereDensity>100</atmosphereDensity>
			<planet name="Luna" DIMID="100">
				<isKnown>true</isKnown>
				<fogColor>1.0,1.0,1.0</fogColor>
				<skyColor>1.0,1.0,1.0</skyColor>
				<gravitationalMultiplier>16</gravitationalMultiplier>
				<orbitalDistance>150</orbitalDistance>
				<orbitalPhi>0</orbitalPhi>
				<rotationalPeriod>128000</rotationalPeriod>
				<atmosphereDensity>0</atmosphereDensity>
				<generateCaves>true</generateCaves>
				<generateCraters>true</generateCraters>
			</planet>
		</planet>
		<planet name="Mercury" DIMID="101" customIcon="lava">
			<biomeIds>biometweaker:mercury_beach</biomeIds>
			<skyColor>0,0,0</skyColor>
			<atmosphereDensity>120</atmosphereDensity>
			<gravitationalMultiplier>38</gravitationalMultiplier>
			<orbitalDistance>40</orbitalDistance>
			<rotationalPeriod>1400000</rotationalPeriod>
			<generateCaves>true</generateCaves>
		</planet>
		<planet name="Venus" DIMID="102" customIcon="lava">
			<biomeIds>biomesoplenty:volcanic_island</biomeIds>
			<atmosphereDensity>120</atmosphereDensity>
			<fogColor>0.9,0.9,0.9</fogColor>
			<generateCaves>true</generateCaves>
			<gravitationalMultiplier>90</gravitationalMultiplier>
			<orbitalDistance>72</orbitalDistance>
			<rotationalPeriod>2784000</rotationalPeriod>
			<skyColor>0,0,0</skyColor>
		</planet>
		<planet name="Mars" DIMID="103" customIcon="marslike">
			<biomeIds>advancedrocketry:hotdryrock</biomeIds>
			<atmosphereDensity>0</atmosphereDensity>
			<craterOres>stoneBaratol,blockStrontium90,blockBerkelium247</craterOres>
			<fillerBlock>minecraft:stone:1</fillerBlock>
			<fogColor>0.9,0.6,0.1</fogColor>
			<generateCaves>true</generateCaves>
			<generateCraters>true</generateCraters>
			<gravitationalMultiplier>38</gravitationalMultiplier>
			<orbitalDistance>105</orbitalDistance>
			<rotationalPeriod>20000</rotationalPeriod>
			<skyColor>1,0.2,0</skyColor>
		</planet>
		<planet name="Jupiter" DIMID="104" customIcon="gasgiantred">
			<GasGiant>true</GasGiant>
			<gas>helium</gas>
			<gas>ammonia</gas>
			<gas>fluoromethane</gas>
			<orbitalDistance>120</orbitalDistance>
			<rotationalPeriod>9900</rotationalPeriod>
			<planet name="Io" DIMID="105" customIcon="moon">
				<biomeIds>advancedrocketry:volcanic</biomeIds>
				<atmosphereDensity>0</atmosphereDensity>
				<gravitationalMultiplier>30</gravitationalMultiplier>
				<orbitalDistance>70</orbitalDistance>
				<rotationalPeriod>10000</rotationalPeriod>
				<generateCaves>true</generateCaves>
			</planet>
			<planet name="Europa" DIMID="106" customIcon="waterworld">
				<biomeIds>minecraft:frozen_ocean</biomeIds>
				<atmosphereDensity>0</atmosphereDensity>
				<generateCaves>true</generateCaves>
				<gravitationalMultiplier>30</gravitationalMultiplier>
				<orbitalDistance>90</orbitalDistance>
				<orbitalPhi>90</orbitalPhi>
				<rotationalPeriod>10000</rotationalPeriod>
			</planet>
		</planet>
		<planet name="Saturn" DIMID="107" customIcon="gasgiantblue">
			<GasGiant>true</GasGiant>
			<gas>helium</gas>
			<gas>ammonia</gas>
			<gas>fluoromethane</gas>
			<hasRings>true</hasRings>
			<orbitalDistance>130</orbitalDistance>
			<rotationalPeriod>10600</rotationalPeriod>
			<planet name="Titan" DIMID="108" customIcon="moon">
				<biomeIds>nuclearcraft:nuclear_wasteland,biomesoplenty:wasteland</biomeIds>
				<atmosphereDensity>0</atmosphereDensity>
				<gravitationalMultiplier>30</gravitationalMultiplier>
				<orbitalDistance>100</orbitalDistance>
				<orbitalPhi>120</orbitalPhi>
				<rotationalPeriod>12000</rotationalPeriod>
				<generateCaves>true</generateCaves>
			</planet>
		</planet>
		<planet name="Uranus" DIMID="109" customIcon="iceworld">
			<biomeIds>biomesoplenty:alps,iceandfire:glacier</biomeIds>
			<skyColor>0,0.9,1</skyColor>
			<fogColor>0.9,0.9,0.9</fogColor>
			<atmosphereDensity>0</atmosphereDensity>
			<orbitalDistance>150</orbitalDistance>
			<gravitationalMultiplier>89</gravitationalMultiplier>
			<rotationalPeriod>17250</rotationalPeriod>
			<generateCaves>true</generateCaves>
		</planet>
		<planet name="Neptune" DIMID="110" customIcon="iceworld">
			<biomeIds>biomesoplenty:alps_foothills,biomesoplenty:glacier</biomeIds>
			<skyColor>0,0.5,1</skyColor>
			<atmosphereDensity>0</atmosphereDensity>
			<orbitalDistance>180</orbitalDistance>
			<gravitationalMultiplier>110</gravitationalMultiplier>
			<rotationalPeriod>21100</rotationalPeriod>
			<generateCaves>true</generateCaves>
			<fillerBlock>biomesoplenty:hard_ice</fillerBlock>
		</planet>
	</star>
	<star name="Proxima Centauri" temp="45" x="28" y="8" numPlanets="0" numGasGiants="0">
		<planet name="Proxima B" DIMID="111" customIcon="earthlike">
			<biomeIds>advancedrocketry:crystalchasms</biomeIds>
			<skyColor>0.3,0.9,0.3</skyColor>
			<fogColor>0,0.5,1</fogColor>
			<atmosphereDensity>100</atmosphereDensity>
			<gravitationalMultiplier>80</gravitationalMultiplier>
			<orbitalDistance>50</orbitalDistance>
			<rotationalPeriod>12000</rotationalPeriod>
			<generateCaves>true</generateCaves>
			<fillerBlock>iceandfire:frozen_stone</fillerBlock>
		</planet>
		<planet name="Twilight" DIMID="7" dimMapping="" customIcon="earthlike">
			<skyColor>1,0,1</skyColor>
			<fogColor>1,0,0.5</fogColor>
			<atmosphereDensity>100</atmosphereDensity>
			<gravitationalMultiplier>95</gravitationalMultiplier>
			<orbitalDistance>60</orbitalDistance>
			<rotationalPeriod>12000</rotationalPeriod>
		</planet>
		<planet name="Alien Jungle" DIMID="200" dimMapping="" customIcon="earthlike">
			<skyColor>1,0,1</skyColor>
			<fogColor>1,0,0.5</fogColor>
			<atmosphereDensity>100</atmosphereDensity>
			<gravitationalMultiplier>95</gravitationalMultiplier>
			<orbitalDistance>60</orbitalDistance>
			<rotationalPeriod>12000</rotationalPeriod>
		</planet>
		<planet name="Terra Nova" DIMID="112" customIcon="earthlike">
			<biomeIds>biomesoplenty:crag,biomesoplenty:quagmire</biomeIds>
			<skyColor>1,0,1</skyColor>
			<fogColor>1,0,0.5</fogColor>
			<atmosphereDensity>100</atmosphereDensity>
			<gravitationalMultiplier>70</gravitationalMultiplier>
			<orbitalDistance>200</orbitalDistance>
			<rotationalPeriod>24000</rotationalPeriod>
			<generateCaves>true</generateCaves>
		</planet>
		<planet name="Stella" DIMID="114" customIcon="earthlike">
			<biomeIds>biomesoplenty:sacred_springs,biomesoplenty:mystic_grove</biomeIds>
			<skyColor>1,0,1</skyColor>
			<fogColor>1,0,0.5</fogColor>
			<atmosphereDensity>100</atmosphereDensity>
			<gravitationalMultiplier>75</gravitationalMultiplier>
			<orbitalDistance>200</orbitalDistance>
			<rotationalPeriod>12000</rotationalPeriod>
			<generateCaves>true</generateCaves>
		</planet>
		<planet name="Hubble" DIMID="116" customIcon="gasgiantblue">
			<skyColor>0.9,0.9,0.9</skyColor>
			<fogColor>0.9,0.9,0.5</fogColor>
			<GasGiant>true</GasGiant>
			<gas>ic2superheated_steam</gas>
			<gas>high_pressure_steam</gas>
			<gas>exhaust_steam</gas>
			<gas>low_pressure_steam</gas>
			<gas>low_quality_steam</gas>
			<orbitalDistance>130</orbitalDistance>
			<rotationalPeriod>12000</rotationalPeriod>
		</planet>
	</star>
	<star blackHole="true" name="Magnis Vulpes" temp="87" x="6" y="-142" numPlanets="0" numGasGiants="0">
		<star temp="200" separation="10.0"/>
		<star temp="100" separation="6.0"/>
		<planet name="Kepler 0118" DIMID="122" customIcon="lava">
			<biomeIds>biomesoplenty:volcanic_island</biomeIds>
			<atmosphereDensity>0</atmosphereDensity>
			<fillerBlock>quark:basalt</fillerBlock>
			<fogColor>0,0,0.2</fogColor>
			<generateCaves>true</generateCaves>
			<generateCraters>true</generateCraters>
			<generateGeodes>true</generateGeodes>
			<generateVolcanos>true</generateVolcanos>
			<gravitationalMultiplier>60</gravitationalMultiplier>
			<hasRings>true</hasRings>
			<oceanBlock>tconstruct:molten_obsidian</oceanBlock>
			<orbitalDistance>10</orbitalDistance>
			<rotationalPeriod>18000</rotationalPeriod>
			<skyColor>0,0.1,0.4</skyColor>
		</planet>
		<planet name="Kepler 0119" DIMID="123" customIcon="marslike">
			<biomeIds>advancedrocketry:hotdryrock</biomeIds>
			<skyColor>0,1,0</skyColor>
			<fogColor>0,0,1</fogColor>
			<generageCraters>true</generageCraters>
			<atmosphereDensity>0</atmosphereDensity>
			<gravitationalMultiplier>60</gravitationalMultiplier>
			<orbitalDistance>20</orbitalDistance>
			<rotationalPeriod>100000</rotationalPeriod>
			<generateCaves>true</generateCaves>
			<fillerBlock>minecraft:stone:5</fillerBlock>
		</planet>
		<planet name="KELT-1b" DIMID="117" customIcon="gasgiantred">
			<skyColor>0,1,0.5</skyColor>
			<fogColor>0,0,1</fogColor>
			<GasGiant>true</GasGiant>
			<gas>vapor_of_levity</gas>
			<gas>nitrogen</gas>
			<gas>fluorine</gas>
			<gas>carbon_dioxide</gas>
			<gas>carbon_monoxide</gas>
			<hasRings>true</hasRings>
			<orbitalDistance>35</orbitalDistance>
			<rotationalPeriod>4000</rotationalPeriod>
		</planet>
		<planet name="KELT-4ab" DIMID="120" customIcon="iceworld">
			<biomeIds>biomesoplenty:alps,iceandfire:glacier,biomesoplenty:alps_foothills,biomesoplenty:glacier</biomeIds>
			<skyColor>0,1,0</skyColor>
			<fogColor>0,0,1</fogColor>
			<hasRings>true</hasRings>
			<atmosphereDensity>0</atmosphereDensity>
			<gravitationalMultiplier>60</gravitationalMultiplier>
			<orbitalDistance>100</orbitalDistance>
			<rotationalPeriod>10000</rotationalPeriod>
			<generateCaves>true</generateCaves>
		</planet>
		<planet name="KELT-6a" DIMID="121" customIcon="earthlike">
			<biomeIds>advancedrocketry:alien_forest,biomesoplenty:ominous_woods,advancedrocketry:stormland</biomeIds>
			<skyColor>1,0,1</skyColor>
			<fogColor>1,0,0.5</fogColor>
			<atmosphereDensity>80</atmosphereDensity>
			<gravitationalMultiplier>70</gravitationalMultiplier>
			<orbitalDistance>110</orbitalDistance>
			<rotationalPeriod>180000</rotationalPeriod>
			<generateCaves>true</generateCaves>
		</planet>
		<planet name="Asteroid Belt" DIMID="124">
			<genType>2</genType>
		</planet>
		<planet name="Caveland" DIMID="125">
			<genType>1</genType>
			<generateCaves>true</generateCaves>
		</planet>
	</star>
</galaxy>