<!-->
	<Recipe timeRequired="NUMBER" power="NUMBER">
		<input>
			<fluidStack>FLUID NAME SIZE</fluidStack>
			<itemStack>ITEM_NAME SIZE META</itemStack>
			<oreDict>OREDICT_NAME SIZE</oreDict>
        </input>
		<output>
			<fluidStack>FLUID_NAME SIZE</fluidStack>
			<itemStack>ITEM_NAME SIZE META</itemStack>
			<oreDict>OREDICT_NAME SIZE</oreDict>
		</output>
	</Recipe>
	
	Can have Multiple In/Outputs
	Some Machines can only Accept either Fluids or Items
	
	timeRequired="NUMBER"	how long a Recipe takes, Unit is in Ticks.
	power="NUMBER" how much Power the Recipes takes per Tick. Unit is in RF.
	
	The "useDefault" attribute will prevent loading of recipes if set to "false"
<!-->
<Recipes useDefault="false">
	<Recipe timeRequired="20" power="100000">
		<input>
			<itemStack>forestry:thermionic_tubes 1 4</itemStack>
			<oreDict>ingotCarbon</oreDict>
			<oreDict>waferSilicon</oreDict>
		</input>
		<output>
			<itemStack>advancedrocketry:itemcircuitplate</itemStack>
		</output>
	</Recipe>
	<Recipe timeRequired="30" power="100000">
		<input>
			<oreDict>processorBasic</oreDict>
			<oreDict>ingotVibrantAlloy</oreDict>
			<oreDict>waferSilicon</oreDict>
		</input>
		<output>
			<itemStack>advancedrocketry:itemcircuitplate 1 1</itemStack>
		</output>
	</Recipe>
	<Recipe timeRequired="20" power="100000">
		<input>
			<oreDict>gemEmerald</oreDict>
			<itemStack>advancedrocketry:ic</itemStack>
			<oreDict>dustRedstone</oreDict>
		</input>
		<output>
			<itemStack>advancedrocketry:dataunit</itemStack>
		</output>
	</Recipe>
	<Recipe timeRequired="30" power="100000">
		<input>
			<itemStack>advancedrocketry:itemcircuitplate</itemStack>
			<itemStack>minecraft:ender_eye</itemStack>
			<oreDict>dustRedstone</oreDict>
		</input>
		<output>
			<itemStack>advancedrocketry:ic 1 1</itemStack>
		</output>
	</Recipe>
	<Recipe timeRequired="20" power="100000">
		<input>
			<itemStack>mekanism:controlcircuit 2 2</itemStack>
			<oreDict>bioplastic</oreDict>
			<itemStack>immersiveengineering:metal_decoration0</itemStack>
			<oreDict>circuitBoard</oreDict>
		</input>
		<output>
			<itemStack>advancedrocketry:ic 1 3</itemStack>
		</output>
	</Recipe>
	<Recipe timeRequired="20" power="100000">
		<input>
			<itemStack>forestry:chipsets 1 1</itemStack>
			<itemStack>appliedenergistics2:material 3 18</itemStack>
			<oreDict>circuitBoard</oreDict>
		</input>
		<output>
			<itemStack>advancedrocketry:ic 1 4</itemStack>
		</output>
	</Recipe>
	<Recipe timeRequired="20" power="100000">
		<input>
			<itemStack>forestry:chipsets 1 2</itemStack>
			<itemStack>appliedenergistics2:material 3 54</itemStack>
			<oreDict>circuitBoard</oreDict>
		</input>
		<output>
			<itemStack>advancedrocketry:ic 1 5</itemStack>
		</output>
	</Recipe>
	<Recipe timeRequired="100" power="100000">
		<input>
			<itemStack>libvulpes:battery</itemStack>
			<itemStack>advancedrocketry:ic 1 2</itemStack>
			<oreDict>plateTin</oreDict>
			<itemStack>advancedrocketry:ic 1 1</itemStack>
			<itemStack>advancedrocketry:misc</itemStack>
		</input>
		<output>
			<itemStack>advancedrocketry:biomechanger</itemStack>
		</output>
	</Recipe>
	<Recipe timeRequired="60" power="100000">
		<input>
			<oreDict>stickCopper 2</oreDict>
			<oreDict>stickTitanium</oreDict>
			<oreDict>waferSilicon 2</oreDict>
			<itemStack>advancedrocketry:ic 1 2</itemStack>
		</input>
		<output>
			<itemStack>advancedrocketry:satelliteprimaryfunction 1 5</itemStack>
		</output>
	</Recipe>
	<Recipe timeRequired="10" power="100000">
		<input>
			<itemStack>minecraft:glass 3</itemStack>
			<oreDict>itemLens 3</oreDict>
			<oreDict>stickIron</oreDict>
		</input>
		<output>
			<itemStack>advancedrocketry:blocklens</itemStack>
		</output>
	</Recipe>
	<Recipe timeRequired="10" power="100000">
		<input>
			<itemStack>advancedrocketry:ic 1 1</itemStack>
			<itemStack>advancedrocketry:spacestationchip</itemStack>
		</input>
		<output>
			<itemStack>advancedrocketry:elevatorchip</itemStack>
		</output>
	</Recipe>
	<Recipe timeRequired="40" power="100000">
		<input>
			<itemStack>thaumcraft:mechanism_complex 4 0</itemStack>
			<itemStack>enderio:item_material 1 19</itemStack>
			<itemStack>rftoolsdim:dimlet_energy_module 2 2</itemStack>
		</input>
		<output>
			<itemStack>rats:arcane_technology</itemStack>
		</output>
	</Recipe>
	<!-- Recipe below generated automatically. Do not make changes or they gonna be rewritten. -->
	<!-- [Vivid Alloy Block] -->
	<Recipe timeRequired="20" power="160000">
		<input>
			<oreDict>blockEnderium 1</oreDict>
			<oreDict>blockAlumite 1</oreDict>
			<itemStack>draconicevolution:infused_obsidian 1</itemStack>
			<oreDict>blockPlutonium242 1</oreDict>
			<fluidStack>mutagen 1000</fluidStack>
		</input>
		<output>
			<itemStack>enderio:block_alloy_endergy 1 6</itemStack>
		</output>
	</Recipe>
	<!-- Recipe below generated automatically. Do not make changes or they gonna be rewritten. -->
	<!-- [Advanced Coil] -->
	<Recipe timeRequired="40" power="140000">
		<input>
			<itemStack>forestry:oak_stick 60</itemStack>
			<oreDict>ingotGold 12</oreDict>
			<oreDict>ingotAluminium 24</oreDict>
			<oreDict>ingotFakeIron 24</oreDict>
		</input>
		<output>
			<itemStack>actuallyadditions:item_misc 12 8</itemStack>
		</output>
	</Recipe>
	<!-- Recipe below generated automatically. Do not make changes or they gonna be rewritten. -->
	<!-- [Advanced Machine Structure] -->
	<Recipe timeRequired="80" power="60000">
		<input>
			<itemStack>libvulpes:structuremachine 4</itemStack>
			<oreDict>sheetTitanium 4</oreDict>
			<oreDict>gemDilithium 2</oreDict>
			<oreDict>bouleSilicon 1</oreDict>
		</input>
		<output>
			<itemStack>libvulpes:advstructuremachine 4 0</itemStack>
		</output>
	</Recipe>
	<!-- Recipe below generated automatically. Do not make changes or they gonna be rewritten. -->
	<!-- [Iridium Neutron Reflector] -->
	<Recipe timeRequired="80" power="160000">
		<input>
			<oreDict>plateCopper 64</oreDict>
			<oreDict>dustTin 64</oreDict>
			<oreDict>dustCoal 64</oreDict>
			<itemStack>ic2:crafting 1 4</itemStack>
		</input>
		<output>
			<itemStack>ic2:iridium_reflector 1 0</itemStack>
		</output>
	</Recipe>
	<!-- Recipe below generated automatically. Do not make changes or they gonna be rewritten. -->
	<!-- [Solar Panel] -->
	<Recipe timeRequired="100" power="120000">
		<input>
			<oreDict>plateIron 64</oreDict>
			<oreDict>gemLapis 48</oreDict>
			<oreDict>circuitBasic 16</oreDict>
			<oreDict>dustCoal 16</oreDict>
		</input>
		<output>
			<itemStack>ic2:te 16 8</itemStack>
		</output>
	</Recipe>
	<!-- Recipe below generated automatically. Do not make changes or they gonna be rewritten. -->
	<!-- [Basic Coil] -->
	<Recipe timeRequired="20" power="70000">
		<input>
			<oreDict>stickWood 36</oreDict>
			<oreDict>ingotAluminium 24</oreDict>
			<oreDict>ingotFakeIron 24</oreDict>
		</input>
		<output>
			<itemStack>actuallyadditions:item_misc 12 7</itemStack>
		</output>
	</Recipe>
	<!-- Recipe below generated automatically. Do not make changes or they gonna be rewritten. -->
	<!-- [Dimlet Control Circuit Rarity 7] -->
	<Recipe timeRequired="100" power="100000">
		<input>
			<itemStack>advancedrocketry:ic 1 2</itemStack>
			<oreDict>processorBasic 1</oreDict>
		</input>
		<output>
			<itemStack>rftdimtweak:dimlet_control_circuit_seven 1 0</itemStack>
		</output>
	</Recipe>
	<!-- Recipe below generated automatically. Do not make changes or they gonna be rewritten. -->
	<!-- [Dimlet Energy Type Controller] -->
	<Recipe timeRequired="100" power="100000">
		<input>
			<itemStack>advancedrocketry:ic 1 2</itemStack>
			<itemStack>draconicevolution:particle_generator 1</itemStack>
		</input>
		<output>
			<itemStack>rftdimtweak:dimlet_type_controller_energy 1 0</itemStack>
		</output>
	</Recipe>
</Recipes>