<!-->
	IMPORTANT NOTICE TO MODPACK MAKERS!!!!
	
	XML recipes are being DEPRECATED soon.
	This means that recipes registered via the XML for MACHINES will no longer work
	To avoid issues that may arise from this, please either distribute a RESOURCE PACK
	with relevant JSON recipes OR user Craft tweaker + Advanced rocketry tweaker (3rd party)
	https://minecraft.curseforge.com/projects/advanced-rocketry-tweaker
	
	IMPORTANT NOTICE TO MODPACK MAKERS!!!!
	
	
	<Recipe timeRequired="NUMBER" power="NUMBER">
		<input>
			<fluidStack>FLUID NAME;SIZE</fluidStack>
			<itemStack>ITEM_NAME;SIZE;META</itemStack>
			<oreDict>OREDICT_NAME;SIZE</oreDict>
        </input>
		<output>
			<fluidStack>FLUID_NAME;SIZE</fluidStack>
			<itemStack>ITEM_NAME;SIZE;META</itemStack>
			<oreDict>OREDICT_NAME;SIZE</oreDict>
		</output>
	</Recipe>
	
	Can have Multiple In/Outputs
	Some Machines can only Accept either Fluids or Items
	
	timeRequired="NUMBER"	how long a Recipe takes, Unit is in Ticks.
	power="NUMBER" how much Power the Recipes takes per Tick. Unit is in RF.
	
	The "useDefault" attribute will prevent loading of recipes if set to "false"
<!-->
<Recipes useDefault="false">
	<!-- Recipe below generated automatically. Do not make changes or they gonna be rewritten. -->
	<!-- [Basic Energy Relay Crystal] -->
	<Recipe timeRequired="20" power="8000000">
		<input>
			<itemStack>advancedrocketry:vacuumlaser 1</itemStack>
			<oreDict>ingotMithril 1</oreDict>
			<oreDict>ingotPlutonium242All 1</oreDict>
			<oreDict>ingotFluixSteel 1</oreDict>
		</input>
		<output>
			<itemStack>draconicevolution:energy_crystal 4 0</itemStack>
		</output>
	</Recipe>
	<!-- Recipe below generated automatically. Do not make changes or they gonna be rewritten. -->
	<!-- [Elite Plating] -->
	<Recipe timeRequired="20" power="160000">
		<input>
			<oreDict>plateLead 12</oreDict>
			<oreDict>dustCrystalBinder 32</oreDict>
			<oreDict>ingotUranium238 32</oreDict>
			<oreDict>ingotTough 16</oreDict>
		</input>
		<output>
			<itemStack>nuclearcraft:part 8 3</itemStack>
		</output>
	</Recipe>
	<!-- Recipe below generated automatically. Do not make changes or they gonna be rewritten. -->
	<!-- [Advanced Circuit Plate] -->
	<Recipe timeRequired="20" power="140000">
		<input>
			<oreDict>circuitUltimate 1</oreDict>
			<oreDict>ingotEnergeticAlloy 1</oreDict>
			<oreDict>waferSilicon 1</oreDict>
		</input>
		<output>
			<itemStack>advancedrocketry:itemcircuitplate 1 1</itemStack>
		</output>
	</Recipe>
	<!-- Recipe below generated automatically. Do not make changes or they gonna be rewritten. -->
	<!-- [Basic Circuit Plate] -->
	<Recipe timeRequired="20" power="100000">
		<input>
			<oreDict>plateGold 1</oreDict>
			<oreDict>ingotGraphite 1</oreDict>
			<oreDict>waferSilicon 1</oreDict>
		</input>
		<output>
			<itemStack>advancedrocketry:itemcircuitplate 1 0</itemStack>
		</output>
	</Recipe>
	<!-- Recipe below generated automatically. Do not make changes or they gonna be rewritten. -->
	<!-- [DU Plating] -->
	<Recipe timeRequired="40" power="130000">
		<input>
			<oreDict>plateLead 12</oreDict>
			<oreDict>ingotUranium238 32</oreDict>
			<oreDict>ingotTough 16</oreDict>
		</input>
		<output>
			<itemStack>nuclearcraft:part 8 2</itemStack>
		</output>
	</Recipe>
	<!-- Recipe below generated automatically. Do not make changes or they gonna be rewritten. -->
	<!-- [Advanced Plating] -->
	<Recipe timeRequired="60" power="100000">
		<input>
			<oreDict>plateLead 12</oreDict>
			<oreDict>ingotTough 16</oreDict>
		</input>
		<output>
			<itemStack>nuclearcraft:part 8 1</itemStack>
		</output>
	</Recipe>
	<!-- Recipe below generated automatically. Do not make changes or they gonna be rewritten. -->
	<!-- [Basic Plating] -->
	<Recipe timeRequired="80" power="70000">
		<input>
			<oreDict>plateLead 12</oreDict>
			<oreDict>ingotGraphite 16</oreDict>
		</input>
		<output>
			<itemStack>nuclearcraft:part 8 0</itemStack>
		</output>
	</Recipe>
	<!-- Recipe below generated automatically. Do not make changes or they gonna be rewritten. -->
	<!-- [Crystal Matrix Ingot] -->
	<Recipe timeRequired="20" power="100000">
		<input>
			<oreDict>netherStar 1</oreDict>
			<oreDict>gemDilithium 1</oreDict>
		</input>
		<output>
			<itemStack>avaritia:resource 1 1</itemStack>
		</output>
	</Recipe>
</Recipes>