<!-->
	<Recipe timeRequired="NUMBER" power="NUMBER">
		<input>
			<fluidStack>FLUID NAME SIZE</fluidStack>
			<itemStack>ITEM_NAME SIZE META</itemStack>
			<oreDict>OREDICT_NAME SIZE</oreDict>
        </input>
		<output>
			<fluidStack>FLUID_NAME SIZE</fluidStack>
			<itemStack>ITEM_NAME SIZE META</itemStack>
			<oreDict>OREDICT_NAME SIZE</oreDict>
		</output>
	</Recipe>
	
	Can have Multiple In/Outputs
	Some Machines can only Accept either Fluids or Items
	
	timeRequired="NUMBER"	how long a Recipe takes, Unit is in Ticks.
	power="NUMBER" how much Power the Recipes takes per Tick. Unit is in RF.
	
	The "useDefault" attribute will prevent loading of recipes if set to "false"
<!-->
<Recipes useDefault="false">
	<Recipe timeRequired="15" power="50000">
		<input>
			<oreDict>blockIron 1</oreDict>
			<fluidStack>lubricant 100</fluidStack>
		</input>
		<output>
			<itemStack>libvulpes:productsheet 4 1</itemStack>
		</output>
	</Recipe>
	<Recipe timeRequired="15" power="50000">
		<input>
			<oreDict>ingotSilicon 1</oreDict>
			<fluidStack>lubricant 100</fluidStack>
		</input>
		<output>
			<itemStack>libvulpes:productplate 4 3</itemStack>
		</output>
	</Recipe>
	<Recipe timeRequired="15" power="50000">
		<input>
			<oreDict>blockCopper 1</oreDict>
			<fluidStack>lubricant 100</fluidStack>
		</input>
		<output>
			<itemStack>libvulpes:productsheet 4 4</itemStack>
		</output>
	</Recipe>
	<Recipe timeRequired="15" power="50000">
		<input>
			<oreDict>blockSteel 1</oreDict>
			<fluidStack>lubricant 100</fluidStack>
		</input>
		<output>
			<itemStack>libvulpes:productsheet 4 6</itemStack>
		</output>
	</Recipe>
	<Recipe timeRequired="15" power="50000">
		<input>
			<oreDict>blockTitanium 1</oreDict>
			<fluidStack>lubricant 100</fluidStack>
		</input>
		<output>
			<itemStack>libvulpes:productsheet 4 7</itemStack>
		</output>
	</Recipe>
	<Recipe timeRequired="15" power="50000">
		<input>
			<oreDict>blockAluminum 1</oreDict>
			<fluidStack>lubricant 100</fluidStack>
		</input>
		<output>
			<itemStack>libvulpes:productsheet 4 9</itemStack>
		</output>
	</Recipe>
	<Recipe timeRequired="15" power="50000">
		<input>
			<oreDict>blockTitaniumAluminide 1</oreDict>
			<fluidStack>lubricant 100</fluidStack>
		</input>
		<output>
			<itemStack>advancedrocketry:productsheet 4 0</itemStack>
		</output>
	</Recipe>
	<Recipe timeRequired="15" power="50000">
		<input>
			<oreDict>blockTitaniumIridium 1</oreDict>
			<fluidStack>lubricant 100</fluidStack>
		</input>
		<output>
			<itemStack>advancedrocketry:productsheet 4 1</itemStack>
		</output>
	</Recipe>
</Recipes>