<!-->
	<Recipe timeRequired="NUMBER" power="NUMBER">
		<input>
			<fluidStack>FLUID NAME SIZE</fluidStack>
			<itemStack>ITEM_NAME SIZE META</itemStack>
			<oreDict>OREDICT_NAME SIZE</oreDict>
        </input>
		<output>
			<fluidStack>FLUID_NAME SIZE</fluidStack>
			<itemStack>ITEM_NAME SIZE META</itemStack>
			<oreDict>OREDICT_NAME SIZE</oreDict>
		</output>
	</Recipe>
	
	Can have Multiple In/Outputs
	Some Machines can only Accept either Fluids or Items
	
	timeRequired="NUMBER"	how long a Recipe takes, Unit is in Ticks.
	power="NUMBER" how much Power the Recipes takes per Tick. Unit is in RF.
	
	The "useDefault" attribute will prevent loading of recipes if set to "false"
<!-->
<Recipes useDefault="false">
	<!-- Recipe below generated automatically. Do not make changes or they gonna be rewritten. -->
	<!-- [Adaminite Block] -->
	<Recipe timeRequired="0" power="0">
		<input>
			<oreDict>blockAdaminite</oreDict>
		</input>
		<output>
			<oreDict>plateAdaminite 6</oreDict>
		</output>
	</Recipe>
	<!-- Recipe below generated automatically. Do not make changes or they gonna be rewritten. -->
	<!-- [Aluminium Block] -->
	<Recipe timeRequired="0" power="0">
		<input>
			<oreDict>blockAluminium</oreDict>
		</input>
		<output>
			<oreDict>plateAluminium 6</oreDict>
		</output>
	</Recipe>
	<!-- Recipe below generated automatically. Do not make changes or they gonna be rewritten. -->
	<!-- [Aluminium Block] -->
	<Recipe timeRequired="0" power="0">
		<input>
			<oreDict>blockSheetmetalAluminium</oreDict>
		</input>
		<output>
			<oreDict>stickAluminium 3</oreDict>
		</output>
	</Recipe>
	<!-- Recipe below generated automatically. Do not make changes or they gonna be rewritten. -->
	<!-- [BoundMetal Block] -->
	<Recipe timeRequired="0" power="0">
		<input>
			<oreDict>blockBoundMetal</oreDict>
		</input>
		<output>
			<oreDict>plateBoundMetal 6</oreDict>
		</output>
	</Recipe>
	<!-- Recipe below generated automatically. Do not make changes or they gonna be rewritten. -->
	<!-- [Brass Block] -->
	<Recipe timeRequired="0" power="0">
		<input>
			<oreDict>blockBrass</oreDict>
		</input>
		<output>
			<oreDict>plateBrass 6</oreDict>
		</output>
	</Recipe>
	<!-- Recipe below generated automatically. Do not make changes or they gonna be rewritten. -->
	<!-- [Bronze Block] -->
	<Recipe timeRequired="0" power="0">
		<input>
			<oreDict>blockBronze</oreDict>
		</input>
		<output>
			<oreDict>plateBronze 6</oreDict>
		</output>
	</Recipe>
	<!-- Recipe below generated automatically. Do not make changes or they gonna be rewritten. -->
	<!-- [ChaoticMetal Block] -->
	<Recipe timeRequired="0" power="0">
		<input>
			<oreDict>blockChaoticMetal</oreDict>
		</input>
		<output>
			<oreDict>plateChaoticMetal 6</oreDict>
		</output>
	</Recipe>
	<!-- Recipe below generated automatically. Do not make changes or they gonna be rewritten. -->
	<!-- [Constantan Block] -->
	<Recipe timeRequired="0" power="0">
		<input>
			<oreDict>blockConstantan</oreDict>
		</input>
		<output>
			<oreDict>plateConstantan 6</oreDict>
		</output>
	</Recipe>
	<!-- Recipe below generated automatically. Do not make changes or they gonna be rewritten. -->
	<!-- [Copper Block] -->
	<Recipe timeRequired="0" power="0">
		<input>
			<oreDict>blockCopper</oreDict>
		</input>
		<output>
			<oreDict>plateCopper 6</oreDict>
		</output>
	</Recipe>
	<!-- Recipe below generated automatically. Do not make changes or they gonna be rewritten. -->
	<!-- [Copper Block] -->
	<Recipe timeRequired="0" power="0">
		<input>
			<oreDict>blockSheetmetalCopper</oreDict>
		</input>
		<output>
			<oreDict>stickCopper 3</oreDict>
		</output>
	</Recipe>
	<!-- Recipe below generated automatically. Do not make changes or they gonna be rewritten. -->
	<!-- [DraconicMetal Block] -->
	<Recipe timeRequired="0" power="0">
		<input>
			<oreDict>blockDraconicMetal</oreDict>
		</input>
		<output>
			<oreDict>plateDraconicMetal 6</oreDict>
		</output>
	</Recipe>
	<!-- Recipe below generated automatically. Do not make changes or they gonna be rewritten. -->
	<!-- [Electrum Block] -->
	<Recipe timeRequired="0" power="0">
		<input>
			<oreDict>blockElectrum</oreDict>
		</input>
		<output>
			<oreDict>plateElectrum 6</oreDict>
		</output>
	</Recipe>
	<!-- Recipe below generated automatically. Do not make changes or they gonna be rewritten. -->
	<!-- [ElectrumFlux Block] -->
	<Recipe timeRequired="0" power="0">
		<input>
			<oreDict>blockElectrumFlux</oreDict>
		</input>
		<output>
			<oreDict>plateElectrumFlux 6</oreDict>
		</output>
	</Recipe>
	<!-- Recipe below generated automatically. Do not make changes or they gonna be rewritten. -->
	<!-- [Enderium Block] -->
	<Recipe timeRequired="0" power="0">
		<input>
			<oreDict>blockEnderium</oreDict>
		</input>
		<output>
			<oreDict>plateEnderium 6</oreDict>
		</output>
	</Recipe>
	<!-- Recipe below generated automatically. Do not make changes or they gonna be rewritten. -->
	<!-- [Energium Block] -->
	<Recipe timeRequired="0" power="0">
		<input>
			<oreDict>blockEnergium</oreDict>
		</input>
		<output>
			<oreDict>plateEnergium 6</oreDict>
		</output>
	</Recipe>
	<!-- Recipe below generated automatically. Do not make changes or they gonna be rewritten. -->
	<!-- [EssenceMetal Block] -->
	<Recipe timeRequired="0" power="0">
		<input>
			<oreDict>blockEssenceMetal</oreDict>
		</input>
		<output>
			<oreDict>plateEssenceMetal 6</oreDict>
		</output>
	</Recipe>
	<!-- Recipe below generated automatically. Do not make changes or they gonna be rewritten. -->
	<!-- [GelidEnderium Block] -->
	<Recipe timeRequired="0" power="0">
		<input>
			<oreDict>blockGelidEnderium</oreDict>
		</input>
		<output>
			<oreDict>plateGelidEnderium 6</oreDict>
		</output>
	</Recipe>
	<!-- Recipe below generated automatically. Do not make changes or they gonna be rewritten. -->
	<!-- [Gold Block] -->
	<Recipe timeRequired="0" power="0">
		<input>
			<oreDict>blockGold</oreDict>
		</input>
		<output>
			<oreDict>plateGold 6</oreDict>
		</output>
	</Recipe>
	<!-- Recipe below generated automatically. Do not make changes or they gonna be rewritten. -->
	<!-- [HDPE Sticks] -->
	<Recipe timeRequired="0" power="0">
		<input>
			<itemStack>mekanism:plasticblock 1 15</itemStack>
		</input>
		<output>
			<oreDict>stickHDPE 6</oreDict>
		</output>
	</Recipe>
	<!-- Recipe below generated automatically. Do not make changes or they gonna be rewritten. -->
	<!-- [Invar Block] -->
	<Recipe timeRequired="0" power="0">
		<input>
			<oreDict>blockInvar</oreDict>
		</input>
		<output>
			<oreDict>plateInvar 6</oreDict>
		</output>
	</Recipe>
	<!-- Recipe below generated automatically. Do not make changes or they gonna be rewritten. -->
	<!-- [Iridium Block] -->
	<Recipe timeRequired="0" power="0">
		<input>
			<oreDict>blockIridium</oreDict>
		</input>
		<output>
			<oreDict>plateIridium 6</oreDict>
		</output>
	</Recipe>
	<!-- Recipe below generated automatically. Do not make changes or they gonna be rewritten. -->
	<!-- [Iron Block] -->
	<Recipe timeRequired="0" power="0">
		<input>
			<oreDict>blockIron</oreDict>
		</input>
		<output>
			<oreDict>plateIron 6</oreDict>
		</output>
	</Recipe>
	<!-- Recipe below generated automatically. Do not make changes or they gonna be rewritten. -->
	<!-- [Iron Block] -->
	<Recipe timeRequired="0" power="0">
		<input>
			<oreDict>blockSheetmetalIron</oreDict>
		</input>
		<output>
			<oreDict>stickIron 3</oreDict>
		</output>
	</Recipe>
	<!-- Recipe below generated automatically. Do not make changes or they gonna be rewritten. -->
	<!-- [Lapis Block] -->
	<Recipe timeRequired="0" power="0">
		<input>
			<oreDict>blockLapis</oreDict>
		</input>
		<output>
			<oreDict>plateLapis 6</oreDict>
		</output>
	</Recipe>
	<!-- Recipe below generated automatically. Do not make changes or they gonna be rewritten. -->
	<!-- [Lead Block] -->
	<Recipe timeRequired="0" power="0">
		<input>
			<oreDict>blockLead</oreDict>
		</input>
		<output>
			<oreDict>plateLead 6</oreDict>
		</output>
	</Recipe>
	<!-- Recipe below generated automatically. Do not make changes or they gonna be rewritten. -->
	<!-- [Lumium Block] -->
	<Recipe timeRequired="0" power="0">
		<input>
			<oreDict>blockLumium</oreDict>
		</input>
		<output>
			<oreDict>plateLumium 6</oreDict>
		</output>
	</Recipe>
	<!-- Recipe below generated automatically. Do not make changes or they gonna be rewritten. -->
	<!-- [Mithminite Block] -->
	<Recipe timeRequired="0" power="0">
		<input>
			<oreDict>blockMithminite</oreDict>
		</input>
		<output>
			<oreDict>plateMithminite 6</oreDict>
		</output>
	</Recipe>
	<!-- Recipe below generated automatically. Do not make changes or they gonna be rewritten. -->
	<!-- [Mithril Block] -->
	<Recipe timeRequired="0" power="0">
		<input>
			<oreDict>blockMithril</oreDict>
		</input>
		<output>
			<oreDict>plateMithril 6</oreDict>
		</output>
	</Recipe>
	<!-- Recipe below generated automatically. Do not make changes or they gonna be rewritten. -->
	<!-- [Mithrillium Block] -->
	<Recipe timeRequired="0" power="0">
		<input>
			<oreDict>blockMithrillium</oreDict>
		</input>
		<output>
			<oreDict>plateMithrillium 6</oreDict>
		</output>
	</Recipe>
	<!-- Recipe below generated automatically. Do not make changes or they gonna be rewritten. -->
	<!-- [Nickel Block] -->
	<Recipe timeRequired="0" power="0">
		<input>
			<oreDict>blockNickel</oreDict>
		</input>
		<output>
			<oreDict>plateNickel 6</oreDict>
		</output>
	</Recipe>
	<!-- Recipe below generated automatically. Do not make changes or they gonna be rewritten. -->
	<!-- [Obsidian Plates] -->
	<Recipe timeRequired="0" power="0">
		<input>
			<itemStack>quark:obsidian_pressure_plate</itemStack>
		</input>
		<output>
			<oreDict>plateObsidian 2</oreDict>
		</output>
	</Recipe>
	<!-- Recipe below generated automatically. Do not make changes or they gonna be rewritten. -->
	<!-- [Platinum Block] -->
	<Recipe timeRequired="0" power="0">
		<input>
			<oreDict>blockPlatinum</oreDict>
		</input>
		<output>
			<oreDict>platePlatinum 6</oreDict>
		</output>
	</Recipe>
	<!-- Recipe below generated automatically. Do not make changes or they gonna be rewritten. -->
	<!-- [Primordial Block] -->
	<Recipe timeRequired="0" power="0">
		<input>
			<oreDict>blockPrimordial</oreDict>
		</input>
		<output>
			<oreDict>platePrimordial 6</oreDict>
		</output>
	</Recipe>
	<!-- Recipe below generated automatically. Do not make changes or they gonna be rewritten. -->
	<!-- [SentientMetal Block] -->
	<Recipe timeRequired="0" power="0">
		<input>
			<oreDict>blockSentientMetal</oreDict>
		</input>
		<output>
			<oreDict>plateSentientMetal 6</oreDict>
		</output>
	</Recipe>
	<!-- Recipe below generated automatically. Do not make changes or they gonna be rewritten. -->
	<!-- [Signalum Block] -->
	<Recipe timeRequired="0" power="0">
		<input>
			<oreDict>blockSignalum</oreDict>
		</input>
		<output>
			<oreDict>plateSignalum 6</oreDict>
		</output>
	</Recipe>
	<!-- Recipe below generated automatically. Do not make changes or they gonna be rewritten. -->
	<!-- [Silicon Block] -->
	<Recipe timeRequired="0" power="0">
		<input>
			<oreDict>blockSilicon</oreDict>
		</input>
		<output>
			<oreDict>plateSilicon 6</oreDict>
		</output>
	</Recipe>
	<!-- Recipe below generated automatically. Do not make changes or they gonna be rewritten. -->
	<!-- [Silver Block] -->
	<Recipe timeRequired="0" power="0">
		<input>
			<oreDict>blockSilver</oreDict>
		</input>
		<output>
			<oreDict>plateSilver 6</oreDict>
		</output>
	</Recipe>
	<!-- Recipe below generated automatically. Do not make changes or they gonna be rewritten. -->
	<!-- [Steel Block] -->
	<Recipe timeRequired="0" power="0">
		<input>
			<oreDict>blockSheetmetalSteel</oreDict>
		</input>
		<output>
			<oreDict>stickSteel 3</oreDict>
		</output>
	</Recipe>
	<!-- Recipe below generated automatically. Do not make changes or they gonna be rewritten. -->
	<!-- [Steel Block] -->
	<Recipe timeRequired="0" power="0">
		<input>
			<oreDict>blockSteel</oreDict>
		</input>
		<output>
			<oreDict>plateSteel 6</oreDict>
		</output>
	</Recipe>
	<!-- Recipe below generated automatically. Do not make changes or they gonna be rewritten. -->
	<!-- [Stone Sticks] -->
	<Recipe timeRequired="0" power="0">
		<input>
			<oreDict>cobblestone</oreDict>
		</input>
		<output>
			<oreDict>stickStone 6</oreDict>
		</output>
	</Recipe>
	<!-- Recipe below generated automatically. Do not make changes or they gonna be rewritten. -->
	<!-- [Thaumium Block] -->
	<Recipe timeRequired="0" power="0">
		<input>
			<oreDict>blockThaumium</oreDict>
		</input>
		<output>
			<oreDict>plateThaumium 6</oreDict>
		</output>
	</Recipe>
	<!-- Recipe below generated automatically. Do not make changes or they gonna be rewritten. -->
	<!-- [Tin Block] -->
	<Recipe timeRequired="0" power="0">
		<input>
			<oreDict>blockTin</oreDict>
		</input>
		<output>
			<oreDict>plateTin 6</oreDict>
		</output>
	</Recipe>
	<!-- Recipe below generated automatically. Do not make changes or they gonna be rewritten. -->
	<!-- [Titanium Block] -->
	<Recipe timeRequired="0" power="0">
		<input>
			<oreDict>blockTitanium</oreDict>
		</input>
		<output>
			<oreDict>plateTitanium 6</oreDict>
		</output>
	</Recipe>
	<!-- Recipe below generated automatically. Do not make changes or they gonna be rewritten. -->
	<!-- [TitaniumAluminide Block] -->
	<Recipe timeRequired="0" power="0">
		<input>
			<oreDict>blockTitaniumAluminide</oreDict>
		</input>
		<output>
			<oreDict>plateTitaniumAluminide 6</oreDict>
		</output>
	</Recipe>
	<!-- Recipe below generated automatically. Do not make changes or they gonna be rewritten. -->
	<!-- [TitaniumIridium Block] -->
	<Recipe timeRequired="0" power="0">
		<input>
			<oreDict>blockTitaniumIridium</oreDict>
		</input>
		<output>
			<oreDict>plateTitaniumIridium 6</oreDict>
		</output>
	</Recipe>
	<!-- Recipe below generated automatically. Do not make changes or they gonna be rewritten. -->
	<!-- [Uranium Block] -->
	<Recipe timeRequired="0" power="0">
		<input>
			<oreDict>blockUranium</oreDict>
		</input>
		<output>
			<oreDict>plateUranium 6</oreDict>
		</output>
	</Recipe>
	<!-- Recipe below generated automatically. Do not make changes or they gonna be rewritten. -->
	<!-- [UUMatter Block] -->
	<Recipe timeRequired="0" power="0">
		<input>
			<oreDict>blockUUMatter</oreDict>
		</input>
		<output>
			<oreDict>plateUUMatter 6</oreDict>
		</output>
	</Recipe>
	<!-- Recipe below generated automatically. Do not make changes or they gonna be rewritten. -->
	<!-- [Void Block] -->
	<Recipe timeRequired="0" power="0">
		<input>
			<oreDict>blockVoid</oreDict>
		</input>
		<output>
			<oreDict>plateVoid 6</oreDict>
		</output>
	</Recipe>
	<!-- Recipe below generated automatically. Do not make changes or they gonna be rewritten. -->
	<!-- [WyvernMetal Block] -->
	<Recipe timeRequired="0" power="0">
		<input>
			<oreDict>blockWyvernMetal</oreDict>
		</input>
		<output>
			<oreDict>plateWyvernMetal 6</oreDict>
		</output>
	</Recipe>
</Recipes>